competition_name,season_name,match_id,match_date,player_id,player_name,team_id,team_name,position_name,total_events,shots,goals,xg,passes,completed_passes,pass_accuracy,progressive_passes,passes_into_final_third,key_passes,carries,progressive_carries,pressures,duels,duels_won,interceptions,clearances,blocks,dribbles,successful_dribbles,avg_x,avg_y,home_team,away_team,competition_stage,opponent_team,is_home_team,duel_success_rate,dribble_success_rate,xg_per_shot,xg_norm,shots_norm,goals_norm,key_passes_norm,progressive_passes_norm,passes_into_final_third_norm,progressive_carries_norm,pressures_norm,interceptions_norm,duel_success_rate_norm,dribble_success_rate_norm,total_events_norm,form_score,form_level
UEFA Euro,2024,3930166,2024-06-18,5204,Bruno Miguel Borges Fernandes,780,Portugal,Left Defensive Midfield,303,2,0,0.0132306157,98,77,0.7857142857142857,29,9,2,75,13,15,2,1,0,0,3,3,2,69.25610561056101,40.56072607260728,Portugal,Czech Republic,Group Stage,Czech Republic,1,0.5,0.6666666666666666,0.00661530785,0.006787017904059809,0.2222222222222222,0.0,0.2857142857142857,0.5087719298245614,0.2727272727272727,0.5652173913043478,0.40540540540540543,0.0,0.5,0.6666666666666666,0.720763723150358,22.91582901297703,low
UEFA Euro,2024,3930166,2024-06-18,41092,Nuno Mendes,780,Portugal,Left Center Back,291,2,0,0.052313472,90,77,0.8555555555555555,29,13,1,76,8,15,4,1,2,2,3,3,1,62.75813148788921,14.470588235294114,Portugal,Czech Republic,Group Stage,Czech Republic,1,0.25,0.3333333333333333,0.026156736,0.0268356725898653,0.2222222222222222,0.0,0.14285714285714285,0.5087719298245614,0.3939393939393939,0.34782608695652173,0.40540540540540543,0.25,0.25,0.3333333333333333,0.6921241050119332,19.522070789495398,low
UEFA Euro,2024,3930166,2024-06-18,5207,Cristiano Ronaldo dos Santos Aveiro,780,Portugal,Right Center Forward,127,5,0,0.7684328560000001,24,23,0.9583333333333334,0,1,2,19,2,5,3,0,0,0,0,1,0,90.4661417322835,35.44330708661417,Portugal,Czech Republic,Group Stage,Czech Republic,1,0.0,0.0,0.1536865712,0.3941893310180428,0.5555555555555556,0.0,0.2857142857142857,0.0,0.030303030303030304,0.08695652173913043,0.13513513513513514,0.0,0.0,0.0,0.30071599045346065,19.790274689253355,low
UEFA Euro,2024,3930166,2024-06-18,81330,Robin Hranáč,912,Czech Republic,Center Back,54,0,0,0.0,20,16,0.8,11,1,0,5,0,5,0,0,0,6,3,0,0,26.355555555555544,41.18703703703704,Portugal,Czech Republic,Group Stage,Portugal,0,0.0,0.0,0.0,0.0,0.0,0.0,0.0,0.19298245614035087,0.030303030303030304,0.0,0.13513513513513514,0.0,0.0,0.0,0.12649164677804295,2.7570153885943354,low
UEFA Euro,2024,3930166,2024-06-18,29484,Jan Kuchta,912,Czech Republic,Left Center Forward,62,0,0,0.0,11,8,0.7272727272727273,4,1,0,7,2,8,7,1,0,3,1,0,0,59.31967213114755,39.952459016393426,Portugal,Czech Republic,Group Stage,Portugal,0,0.14285714285714285,0.0,0.0,0.0,0.0,0.0,0.0,0.07017543859649122,0.030303030303030304,0.08695652173913043,0.21621621621621623,0.0,0.14285714285714285,0.0,0.14558472553699284,3.20143136390276,low
UEFA Euro,2024,3930166,2024-06-18,34639,Vitor Machado Ferreira,780,Portugal,Right Defensive Midfield,321,3,0,0.221897336,100,87,0.87,28,11,3,92,8,15,2,1,1,0,2,1,1,71.18218749999997,41.22718749999999,Portugal,Czech Republic,Group Stage,Czech Republic,1,0.5,1.0,0.07396577866666666,0.11382850401249091,0.3333333333333333,0.0,0.42857142857142855,0.49122807017543857,0.3333333333333333,0.34782608695652173,0.40540540540540543,0.125,0.5,1.0,0.7637231503579952,28.353343310460144,medium
UEFA Euro,2024,3930166,2024-06-18,28227,Pavel Šulc,912,Czech Republic,Left Center Midfield,84,1,0,0.06054878,15,12,0.8,1,1,0,12,0,19,3,0,0,1,2,0,0,63.6036144578313,41.70963855421688,Portugal,Czech Republic,Group Stage,Portugal,0,0.0,0.0,0.06054878,0.03106020636129417,0.1111111111111111,0.0,0.0,0.017543859649122806,0.030303030303030304,0.0,0.5135135135135135,0.0,0.0,0.0,0.19809069212410502,4.782137585717413,low
UEFA Euro,2024,3930166,2024-06-18,16570,Vladimír Coufal,912,Czech Republic,Right Wing Back,128,0,0,0.0,34,18,0.5294117647058824,14,8,1,25,4,13,6,2,6,7,3,0,0,56.286718750000034,68.36328124999999,Portugal,Czech Republic,Group Stage,Portugal,0,0.3333333333333333,0.0,0.0,0.0,0.0,0.0,0.14285714285714285,0.24561403508771928,0.24242424242424243,0.17391304347826086,0.35135135135135137,0.75,0.3333333333333333,0.0,0.3031026252983294,12.578227429486011,low
UEFA Euro,2024,3930166,2024-06-18,7005,João Pedro Cavaco Cancelo,780,Portugal,Left Wing Back,233,1,0,0.028342715,75,67,0.8933333333333333,23,10,1,61,14,10,2,0,1,1,0,1,0,68.85474137931027,32.0530172413793,Portugal,Czech Republic,Group Stage,Czech Republic,1,0.0,0.0,0.028342715,0.014539195946464118,0.1111111111111111,0.0,0.14285714285714285,0.40350877192982454,0.30303030303030304,0.6086956521739131,0.2702702702702703,0.125,0.0,0.0,0.5536992840095465,15.17431824153656,low
UEFA Euro,2024,3930166,2024-06-18,7044,Patrik Schick,912,Czech Republic,Right Center Forward,92,0,0,0.0,14,8,0.5714285714285714,3,1,1,11,2,18,8,2,1,3,2,2,1,63.95714285714286,45.40659340659339,Portugal,Czech Republic,Group Stage,Portugal,0,0.25,0.5,0.0,0.0,0.0,0.0,0.14285714285714285,0.05263157894736842,0.030303030303030304,0.08695652173913043,0.4864864864864865,0.125,0.25,0.5,0.2171837708830549,8.734486975905739,low
UEFA Euro,2024,3930166,2024-06-18,3193,Bernardo Mota Veiga de Carvalho e Silva,780,Portugal,Center Attacking Midfield,213,2,0,0.100102624,59,49,0.8305084745762712,10,2,2,53,9,17,1,0,0,0,1,1,1,79.99014084507044,49.59577464788729,Portugal,Czech Republic,Group Stage,Czech Republic,1,0.0,1.0,0.050051312,0.051350467486661805,0.2222222222222222,0.0,0.2857142857142857,0.17543859649122806,0.06060606060606061,0.391304347826087,0.4594594594594595,0.0,0.0,1.0,0.5059665871121718,17.8482751143802,low
UEFA Euro,2024,3930166,2024-06-18,4870,Tomáš Souček,912,Czech Republic,Center Defensive Midfield,97,1,0,0.06547854,21,19,0.9047619047619048,6,3,0,21,1,14,2,1,2,3,3,0,0,51.40842105263155,40.57999999999999,Portugal,Czech Republic,Group Stage,Portugal,0,0.5,0.0,0.06547854,0.033589065950399906,0.1111111111111111,0.0,0.0,0.10526315789473684,0.09090909090909091,0.043478260869565216,0.3783783783783784,0.25,0.5,0.0,0.22911694510739858,8.697732772212346,low
UEFA Euro,2024,3930166,2024-06-18,28034,Lukáš Provod,912,Czech Republic,Right Center Midfield,102,1,1,0.035857204,26,19,0.7307692307692307,6,2,0,22,5,15,0,0,1,0,2,1,1,60.36138613861383,44.64455445544552,Portugal,Czech Republic,Group Stage,Portugal,0,0.0,1.0,0.035857204,0.018393965258738865,0.1111111111111111,0.5,0.0,0.10526315789473684,0.06060606060606061,0.21739130434782608,0.40540540540540543,0.125,0.0,1.0,0.24105011933174225,18.69277958636689,low
UEFA Euro,2024,3930166,2024-06-18,32975,Diogo Meireles Costa,780,Portugal,Goalkeeper,61,0,0,0.0,24,19,0.7916666666666666,18,1,0,15,0,0,0,0,0,0,0,0,0,12.545901639344264,40.227868852459025,Portugal,Czech Republic,Group Stage,Czech Republic,1,0.0,0.0,0.0,0.0,0.0,0.0,0.0,0.3157894736842105,0.030303030303030304,0.0,0.0,0.0,0.0,0.0,0.1431980906921241,3.3094098883572567,low
UEFA Euro,2024,3930166,2024-06-18,5206,Rúben Santos Gato Alves Dias,780,Portugal,Right Center Back,281,1,0,0.03168744,93,87,0.9354838709677419,25,10,1,78,9,8,3,0,0,5,3,0,0,59.49893238434157,63.19715302491105,Portugal,Czech Republic,Group Stage,Czech Republic,1,0.0,0.0,0.03168744,0.01625496707714222,0.1111111111111111,0.0,0.14285714285714285,0.43859649122807015,0.30303030303030304,0.391304347826087,0.21621621621621623,0.0,0.0,0.0,0.6682577565632458,13.058689007733088,low
UEFA Euro,2024,3930166,2024-06-18,20016,Kléper Laveran Lima Ferreira,780,Portugal,Center Back,239,0,0,0.0,78,73,0.9358974358974359,28,5,1,70,2,6,3,2,1,4,0,0,0,50.515899581589956,32.75606694560666,Portugal,Czech Republic,Group Stage,Czech Republic,1,0.6666666666666666,0.0,0.0,0.0,0.0,0.0,0.14285714285714285,0.49122807017543857,0.15151515151515152,0.08695652173913043,0.16216216216216217,0.125,0.6666666666666666,0.0,0.568019093078759,11.771557539292091,low
UEFA Euro,2024,3930166,2024-06-18,16028,José Diogo Dalot Teixeira,780,Portugal,Right Wing Back,130,1,0,0.02290134,40,37,0.925,4,1,1,37,1,6,0,0,0,0,1,2,1,78.04108527131778,72.5434108527132,Portugal,Czech Republic,Group Stage,Czech Republic,1,0.0,0.5,0.02290134,0.011747888997105483,0.1111111111111111,0.0,0.14285714285714285,0.07017543859649122,0.030303030303030304,0.043478260869565216,0.16216216216216217,0.0,0.0,0.5,0.30787589498806683,6.845286199857573,low
UEFA Euro,2024,3930166,2024-06-18,18360,Rafael Alexandre Conceição Leão,780,Portugal,Left Center Forward,97,1,0,0.008591539,23,15,0.6521739130434783,0,0,1,25,9,4,2,1,0,0,1,1,1,90.5614583333333,13.40520833333334,Portugal,Czech Republic,Group Stage,Czech Republic,1,0.5,1.0,0.008591539,0.004407272521446459,0.1111111111111111,0.0,0.14285714285714285,0.0,0.0,0.391304347826087,0.10810810810810811,0.0,0.5,1.0,0.22911694510739858,12.320839675867937,low
UEFA Euro,2024,3930166,2024-06-18,28040,Jindřich Staněk,912,Czech Republic,Goalkeeper,87,0,0,0.0,36,15,0.4166666666666667,31,5,0,14,0,0,0,0,0,0,0,0,0,6.141379310344829,39.882758620689664,Portugal,Czech Republic,Group Stage,Portugal,0,0.0,0.0,0.0,0.0,0.0,0.0,0.0,0.543859649122807,0.15151515151515152,0.0,0.0,0.0,0.0,0.0,0.2052505966587112,6.196172248803828,low
UEFA Euro,2024,3930166,2024-06-18,35441,David Doudera,912,Czech Republic,Left Wing Back,112,0,0,0.0,26,18,0.6923076923076923,15,4,0,25,6,16,3,1,1,1,2,2,1,43.561607142857135,11.303571428571427,Portugal,Czech Republic,Group Stage,Portugal,0,0.3333333333333333,0.5,0.0,0.0,0.0,0.0,0.0,0.2631578947368421,0.12121212121212122,0.2608695652173913,0.43243243243243246,0.125,0.3333333333333333,0.5,0.2649164677804296,11.320091570663653,low
UEFA Euro,2024,3930166,2024-06-18,16469,Tomáš Holeš,912,Czech Republic,Right Center Back,68,0,0,0.0,16,10,0.625,10,1,0,8,1,12,5,2,2,3,4,0,0,40.11492537313431,59.42835820895522,Portugal,Czech Republic,Group Stage,Portugal,0,0.4,0.0,0.0,0.0,0.0,0.0,0.0,0.17543859649122806,0.030303030303030304,0.043478260869565216,0.32432432432432434,0.25,0.4,0.0,0.15990453460620524,6.475348825005575,low
UEFA Euro,2024,3930166,2024-06-18,28272,Ladislav Krejčí,912,Czech Republic,Left Center Back,74,0,0,0.0,26,18,0.6923076923076923,10,3,0,15,1,6,2,1,3,2,2,0,0,34.67567567567568,23.06621621621621,Portugal,Czech Republic,Group Stage,Portugal,0,0.5,0.0,0.0,0.0,0.0,0.0,0.0,0.17543859649122806,0.09090909090909091,0.043478260869565216,0.16216216216216217,0.375,0.5,0.0,0.17422434367541767,6.867568317225068,low
UEFA Euro,2024,3930166,2024-06-18,32985,Mojmír Chytil,912,Czech Republic,Center Forward,52,1,0,0.040316492,7,3,0.42857142857142855,3,2,1,7,3,5,4,0,0,0,3,2,1,76.2442307692308,51.75961538461539,Portugal,Czech Republic,Group Stage,Portugal,0,0.0,0.5,0.040316492,0.02068148295115881,0.1111111111111111,0.0,0.14285714285714285,0.05263157894736842,0.06060606060606061,0.13043478260869565,0.13513513513513514,0.0,0.0,0.5,0.12171837708830549,7.605219642510738,low
UEFA Euro,2024,3930166,2024-06-18,27826,Ondřej Lingr,912,Czech Republic,Left Attacking Midfield,38,0,0,0.0,8,5,0.625,1,0,0,7,1,3,1,0,0,0,1,0,0,81.64736842105266,54.50789473684211,Portugal,Czech Republic,Group Stage,Portugal,0,0.0,0.0,0.0,0.0,0.0,0.0,0.0,0.017543859649122806,0.0,0.043478260869565216,0.08108108108108109,0.0,0.0,0.0,0.0883054892601432,0.9286700888531552,low
UEFA Euro,2024,3930166,2024-06-18,42106,Gonçalo Bernardo Inácio,780,Portugal,Left Center Back,106,0,0,0.0,34,25,0.7352941176470589,12,5,0,28,1,7,0,0,0,0,5,1,1,55.015094339622635,10.783018867924529,Portugal,Czech Republic,Group Stage,Czech Republic,1,0.0,1.0,0.0,0.0,0.0,0.0,0.0,0.21052631578947367,0.15151515151515152,0.043478260869565216,0.1891891891891892,0.0,0.0,1.0,0.25059665871121717,8.156610948372961,low
UEFA Euro,2024,3930166,2024-06-18,9929,Diogo José Teixeira da Silva,780,Portugal,Left Center Forward,62,0,0,0.0,12,6,0.5,4,1,0,9,3,12,4,1,0,0,2,2,1,74.52903225806452,22.288709677419345,Portugal,Czech Republic,Group Stage,Czech Republic,1,0.25,0.5,0.0,0.0,0.0,0.0,0.0,0.07017543859649122,0.030303030303030304,0.13043478260869565,0.32432432432432434,0.0,0.25,0.5,0.14558472553699284,6.5183694199712505,low
UEFA Euro,2024,3930166,2024-06-18,7801,Antonín Barák,912,Czech Republic,Right Defensive Midfield,36,0,0,0.0,8,5,0.625,2,0,0,6,0,6,2,1,0,0,0,1,0,73.8888888888889,54.78333333333333,Portugal,Czech Republic,Group Stage,Portugal,0,0.5,0.0,0.0,0.0,0.0,0.0,0.0,0.03508771929824561,0.0,0.0,0.16216216216216217,0.0,0.5,0.0,0.08353221957040573,3.161688003793267,low
UEFA Euro,2024,3930166,2024-06-18,23454,Petr Ševčík,912,Czech Republic,Right Attacking Midfield,20,1,0,0.11256568,5,3,0.6,1,1,0,4,0,1,1,0,0,0,0,0,0,72.955,49.7,Portugal,Czech Republic,Group Stage,Portugal,0,0.0,0.0,0.11256568,0.05774374396972827,0.1111111111111111,0.0,0.0,0.017543859649122806,0.030303030303030304,0.0,0.02702702702702703,0.0,0.0,0.0,0.045346062052505964,3.0167935934958323,low
UEFA Euro,2024,3930166,2024-06-18,23256,Pedro Lomba Neto,780,Portugal,Left Wing Back,12,0,0,0.0,2,0,0.0,1,1,0,3,0,1,0,0,0,1,0,1,1,68.37500000000001,11.141666666666666,Portugal,Czech Republic,Group Stage,Czech Republic,1,0.0,1.0,0.0,0.0,0.0,0.0,0.0,0.017543859649122806,0.030303030303030304,0.0,0.02702702702702703,0.0,0.0,1.0,0.026252983293556086,4.462088883141515,low
UEFA Euro,2024,3930166,2024-06-18,39624,Francisco Fernandes Conceição,780,Portugal,Center Attacking Midfield,7,1,1,0.59001094,1,1,1.0,1,0,0,0,0,1,0,0,0,0,0,0,0,71.83333333333333,40.666666666666664,Portugal,Czech Republic,Group Stage,Czech Republic,1,0.0,0.0,0.59001094,0.30266277127005947,0.1111111111111111,0.5,0.0,0.017543859649122806,0.0,0.0,0.02702702702702703,0.0,0.0,0.0,0.014319809069212411,16.488254124488964,low
UEFA Euro,2024,3930166,2024-06-18,21226,Tomáš Chorý,912,Czech Republic,Left Center Forward,3,0,0,0.0,1,0,0.0,1,0,0,0,0,1,1,1,0,0,0,0,0,65.76666666666667,63.96666666666667,Portugal,Czech Republic,Group Stage,Portugal,0,1.0,0.0,0.0,0.0,0.0,0.0,0.0,0.017543859649122806,0.0,0.0,0.02702702702702703,0.0,1.0,0.0,0.00477326968973747,4.310573731626363,low
UEFA Euro,2024,3930159,2024-06-15,7162,Ádám Nagy,916,Hungary,Right Defensive Midfield,136,0,0,0.0,44,37,0.8409090909090909,17,4,0,30,2,13,2,0,2,0,1,0,0,50.75629629629629,36.48,Hungary,Switzerland,Group Stage,Switzerland,1,0.0,0.0,0.0,0.0,0.0,0.0,0.0,0.2982456140350877,0.12121212121212122,0.08695652173913043,0.35135135135135137,0.25,0.0,0.0,0.3221957040572792,7.040925677081284,low
UEFA Euro,2024,3930159,2024-06-15,21209,Dominik Szoboszlai,916,Hungary,Left Attacking Midfield,172,0,0,0.0,52,42,0.8076923076923077,13,10,1,31,1,27,2,0,0,1,4,2,1,65.38953488372094,19.511627906976752,Hungary,Switzerland,Group Stage,Switzerland,1,0.0,0.5,0.0,0.0,0.0,0.0,0.14285714285714285,0.22807017543859648,0.30303030303030304,0.043478260869565216,0.7297297297297297,0.0,0.0,0.5,0.4081145584725537,11.220899433714079,low
UEFA Euro,2024,3930159,2024-06-15,46376,Attila Szalai,916,Hungary,Left Center Back,157,1,0,0.09601528,52,43,0.8269230769230769,24,6,0,30,1,13,2,1,3,3,2,0,0,49.12564102564103,16.418589743589745,Hungary,Switzerland,Group Stage,Switzerland,1,0.5,0.0,0.09601528,0.049253748971283,0.1111111111111111,0.0,0.0,0.42105263157894735,0.18181818181818182,0.043478260869565216,0.35135135135135137,0.375,0.5,0.0,0.3723150357995227,13.066654903986848,low
UEFA Euro,2024,3930159,2024-06-15,19316,Roland Sallai,916,Hungary,Right Attacking Midfield,150,2,0,0.128965874,36,29,0.8055555555555556,9,5,1,36,7,12,3,0,0,0,1,2,2,72.21013513513512,26.664864864864878,Hungary,Switzerland,Group Stage,Switzerland,1,0.0,1.0,0.064482937,0.06615668655924467,0.2222222222222222,0.0,0.14285714285714285,0.15789473684210525,0.15151515151515152,0.30434782608695654,0.32432432432432434,0.0,0.0,1.0,0.3556085918854415,15.697638171088851,low
UEFA Euro,2024,3930159,2024-06-15,16016,Michel Aebischer,773,Switzerland,Left Wing Back,168,1,1,0.03557817,56,48,0.8571428571428571,18,5,1,37,1,14,3,0,1,1,2,0,0,61.795238095238076,13.804166666666674,Hungary,Switzerland,Group Stage,Hungary,0,0.0,0.0,0.03557817,0.018250826889612066,0.1111111111111111,0.5,0.14285714285714285,0.3157894736842105,0.15151515151515152,0.043478260869565216,0.3783783783783784,0.125,0.0,0.0,0.39856801909307876,17.15114168518912,low
UEFA Euro,2024,3930159,2024-06-15,3500,Granit Xhaka,773,Switzerland,Left Defensive Midfield,261,1,0,0.044237033,87,79,0.9080459770114943,22,11,4,67,4,14,3,0,1,1,2,0,0,60.00689655172419,34.7655172413793,Hungary,Switzerland,Group Stage,Hungary,0,0.0,0.0,0.044237033,0.022692635157824485,0.1111111111111111,0.0,0.5714285714285714,0.38596491228070173,0.3333333333333333,0.17391304347826086,0.3783783783783784,0.125,0.0,0.0,0.6205250596658711,16.7022247335341,low
UEFA Euro,2024,3930159,2024-06-15,6983,Remo Freuler,773,Switzerland,Right Defensive Midfield,149,0,0,0.0,42,41,0.9761904761904762,5,4,0,31,3,20,0,0,1,1,2,0,0,65.13108108108105,50.1385135135135,Hungary,Switzerland,Group Stage,Hungary,0,0.0,0.0,0.0,0.0,0.0,0.0,0.0,0.08771929824561403,0.12121212121212122,0.13043478260869565,0.5405405405405406,0.125,0.0,0.0,0.3532219570405728,5.729434552089014,low
UEFA Euro,2024,3930159,2024-06-15,42822,András Schäfer,916,Hungary,Left Defensive Midfield,173,0,0,0.0,49,46,0.9387755102040817,10,3,0,38,4,21,4,1,0,1,2,3,2,55.955491329479784,31.97398843930638,Hungary,Switzerland,Group Stage,Switzerland,1,0.25,0.6666666666666666,0.0,0.0,0.0,0.0,0.0,0.17543859649122806,0.09090909090909091,0.17391304347826086,0.5675675675675675,0.0,0.25,0.6666666666666666,0.4105011933174224,10.104740271788327,low
UEFA Euro,2024,3930159,2024-06-15,3153,Ádám Lang,916,Hungary,Right Center Back,48,0,0,0.0,19,13,0.6842105263157895,9,4,0,7,0,5,1,0,2,2,1,0,0,42.75744680851062,68.18936170212766,Hungary,Switzerland,Group Stage,Switzerland,1,0.0,0.0,0.0,0.0,0.0,0.0,0.0,0.15789473684210525,0.12121212121212122,0.0,0.13513513513513514,0.25,0.0,0.0,0.11217183770883055,3.860683650157334,low
UEFA Euro,2024,3930159,2024-06-15,49007,Kwadwo Duah,773,Switzerland,Center Forward,76,3,1,0.5584159399999999,13,5,0.38461538461538464,4,1,0,6,1,16,5,1,0,0,0,0,0,78.616,35.38133333333332,Hungary,Switzerland,Group Stage,Hungary,0,0.2,0.0,0.18613864666666666,0.2864552239010606,0.3333333333333333,0.5,0.0,0.07017543859649122,0.030303030303030304,0.043478260869565216,0.43243243243243246,0.0,0.2,0.0,0.17899761336515513,22.157971717458597,low
UEFA Euro,2024,3930159,2024-06-15,45190,Dan Ndoye,773,Switzerland,Right Attacking Midfield,143,3,0,0.232590623,21,14,0.6666666666666666,4,0,1,33,6,20,4,2,1,0,1,6,4,73.48297872340433,58.093617021276586,Hungary,Switzerland,Group Stage,Hungary,0,0.5,0.6666666666666666,0.07753020766666667,0.11931392751566544,0.3333333333333333,0.0,0.14285714285714285,0.07017543859649122,0.0,0.2608695652173913,0.5405405405405406,0.125,0.5,0.6666666666666666,0.33890214797136037,18.402833226869813,low
UEFA Euro,2024,3930159,2024-06-15,12921,Barnabás Varga,916,Hungary,Center Forward,98,2,1,0.73425685,17,7,0.4117647058823529,5,2,0,7,0,20,6,1,0,1,2,1,0,73.00204081632654,50.64897959183675,Hungary,Switzerland,Group Stage,Switzerland,1,0.16666666666666666,0.0,0.367128425,0.3766577837438478,0.2222222222222222,0.5,0.0,0.08771929824561403,0.06060606060606061,0.0,0.5405405405405406,0.0,0.16666666666666666,0.0,0.2315035799522673,23.688259470674232,low
UEFA Euro,2024,3930159,2024-06-15,5544,Ricardo Iván Rodríguez Araya,773,Switzerland,Left Center Back,167,0,0,0.0,51,43,0.8431372549019608,11,8,1,44,9,7,5,1,0,3,0,1,0,57.03053892215569,16.173652694610787,Hungary,Switzerland,Group Stage,Hungary,0,0.2,0.0,0.0,0.0,0.0,0.0,0.14285714285714285,0.19298245614035087,0.24242424242424243,0.391304347826087,0.1891891891891892,0.0,0.2,0.0,0.39618138424821003,9.446897930650792,low
UEFA Euro,2024,3930159,2024-06-15,30401,Ruben Vargas,773,Switzerland,Left Attacking Midfield,112,2,0,0.57146795,28,22,0.7857142857142857,5,2,1,25,1,12,1,0,1,0,3,1,0,83.01801801801807,33.394594594594594,Hungary,Switzerland,Group Stage,Hungary,0,0.0,0.0,0.285733975,0.2931506209681803,0.2222222222222222,0.0,0.14285714285714285,0.08771929824561403,0.06060606060606061,0.043478260869565216,0.32432432432432434,0.125,0.0,0.0,0.2649164677804296,14.629230169062744,low
UEFA Euro,2024,3930159,2024-06-15,8509,Willi Orban,916,Hungary,Center Back,168,1,0,0.14360759,56,51,0.9107142857142857,21,4,2,36,2,10,4,1,3,3,3,1,1,39.88035714285711,50.06011904761904,Hungary,Switzerland,Group Stage,Switzerland,1,0.25,1.0,0.14360759,0.07366756820613272,0.1111111111111111,0.0,0.2857142857142857,0.3684210526315789,0.12121212121212122,0.08695652173913043,0.2702702702702703,0.375,0.25,1.0,0.39856801909307876,18.647217831048074,low
UEFA Euro,2024,3930159,2024-06-15,7796,Silvan Widmer,773,Switzerland,Right Wing Back,98,0,0,0.0,32,27,0.84375,6,0,0,16,0,13,1,0,1,1,2,1,0,70.96666666666665,73.0885416666667,Hungary,Switzerland,Group Stage,Hungary,0,0.0,0.0,0.0,0.0,0.0,0.0,0.0,0.10526315789473684,0.0,0.0,0.35135135135135137,0.125,0.0,0.0,0.2315035799522673,3.309388335704125,low
UEFA Euro,2024,3930159,2024-06-15,5550,Yann Sommer,773,Switzerland,Goalkeeper,82,0,0,0.0,30,23,0.7666666666666667,20,2,0,21,2,0,0,0,0,0,0,0,0,11.424390243902437,40.157317073170724,Hungary,Switzerland,Group Stage,Hungary,0,0.0,0.0,0.0,0.0,0.0,0.0,0.0,0.3508771929824561,0.06060606060606061,0.08695652173913043,0.0,0.0,0.0,0.0,0.19331742243436753,4.507454406767907,low
UEFA Euro,2024,3930159,2024-06-15,5549,Manuel Obafemi Akanji,773,Switzerland,Center Back,183,0,0,0.0,63,57,0.9047619047619048,24,8,0,50,7,6,3,1,3,5,1,0,0,47.54863387978144,34.14371584699454,Hungary,Switzerland,Group Stage,Hungary,0,0.3333333333333333,0.0,0.0,0.0,0.0,0.0,0.0,0.42105263157894735,0.24242424242424243,0.30434782608695654,0.16216216216216217,0.375,0.3333333333333333,0.0,0.4343675417661098,11.501574280750482,low
UEFA Euro,2024,3930159,2024-06-15,8524,Péter Gulácsi,916,Hungary,Goalkeeper,93,0,0,0.0,30,27,0.9,11,0,0,20,0,0,0,0,0,1,0,0,0,11.561290322580648,41.23548387096775,Hungary,Switzerland,Group Stage,Switzerland,1,0.0,0.0,0.0,0.0,0.0,0.0,0.0,0.19298245614035087,0.0,0.0,0.0,0.0,0.0,0.0,0.21957040572792363,1.9298245614035086,low
UEFA Euro,2024,3930159,2024-06-15,11268,Attila Fiola,916,Hungary,Right Wing Back,135,0,0,0.0,41,31,0.7560975609756098,23,3,1,31,2,14,3,1,0,3,2,1,1,44.117037037037036,66.46962962962964,Hungary,Switzerland,Group Stage,Switzerland,1,0.3333333333333333,1.0,0.0,0.0,0.0,0.0,0.14285714285714285,0.40350877192982454,0.09090909090909091,0.08695652173913043,0.3783783783783784,0.0,0.3333333333333333,1.0,0.3198090692124105,13.839082001553399,low
UEFA Euro,2024,3930159,2024-06-15,89635,Milos Kerkez,916,Hungary,Left Wing Back,107,0,0,0.0,30,13,0.43333333333333335,10,5,0,27,3,7,2,0,1,1,0,0,0,57.05094339622639,12.440566037735847,Hungary,Switzerland,Group Stage,Switzerland,1,0.0,0.0,0.0,0.0,0.0,0.0,0.0,0.17543859649122806,0.15151515151515152,0.13043478260869565,0.1891891891891892,0.125,0.0,0.0,0.2529832935560859,5.001385929303549,low
UEFA Euro,2024,3930159,2024-06-15,5537,Fabian Lukas Schär,773,Switzerland,Right Center Back,151,3,0,0.190299721,46,32,0.6956521739130435,23,11,0,35,2,9,4,0,3,3,1,0,0,49.2891891891892,62.50743243243246,Hungary,Switzerland,Group Stage,Hungary,0,0.0,0.0,0.06343324033333334,0.09761961520540473,0.3333333333333333,0.0,0.0,0.40350877192982454,0.3333333333333333,0.08695652173913043,0.24324324324324326,0.375,0.0,0.0,0.35799522673031026,14.88744648956262,low
UEFA Euro,2024,3930159,2024-06-15,46789,Bendegúz Bolla,916,Hungary,Right Wing Back,71,0,0,0.0,23,18,0.782608695652174,3,1,0,15,2,9,0,0,0,0,0,1,0,63.73098591549294,72.28732394366196,Hungary,Switzerland,Group Stage,Switzerland,1,0.0,0.0,0.0,0.0,0.0,0.0,0.0,0.05263157894736842,0.030303030303030304,0.08695652173913043,0.24324324324324326,0.0,0.0,0.0,0.16706443914081145,2.589699331118095,low
UEFA Euro,2024,3930159,2024-06-15,29227,Leonidas Stergiou,773,Switzerland,Right Wing Back,39,0,0,0.0,5,1,0.2,1,1,0,5,0,14,4,2,0,2,0,0,0,44.241025641025644,65.43076923076923,Hungary,Switzerland,Group Stage,Hungary,0,0.5,0.0,0.0,0.0,0.0,0.0,0.0,0.017543859649122806,0.030303030303030304,0.0,0.3783783783783784,0.0,0.5,0.0,0.09069212410501193,4.218845639898271,low
UEFA Euro,2024,3930159,2024-06-15,16502,László Kleinheisler,916,Hungary,Right Defensive Midfield,46,0,0,0.0,14,13,0.9285714285714286,2,0,0,10,0,8,1,0,2,0,0,1,0,53.10652173913046,60.554347826087,Hungary,Switzerland,Group Stage,Switzerland,1,0.0,0.0,0.0,0.0,0.0,0.0,0.0,0.03508771929824561,0.0,0.0,0.21621621621621623,0.25,0.0,0.0,0.10739856801909307,2.431958274063537,low
UEFA Euro,2024,3930159,2024-06-15,48335,Mohamed Zeki Amdouni,773,Switzerland,Center Forward,39,0,0,0.0,4,4,1.0,0,0,0,7,1,8,0,0,0,0,1,1,0,76.53846153846153,20.497435897435896,Hungary,Switzerland,Group Stage,Hungary,0,0.0,0.0,0.0,0.0,0.0,0.0,0.0,0.0,0.0,0.043478260869565216,0.21621621621621623,0.0,0.0,0.0,0.09069212410501193,1.4289071680376029,low
UEFA Euro,2024,3930159,2024-06-15,5545,Breel-Donald Embolo,773,Switzerland,Center Forward,44,1,1,0.4426999,7,7,1.0,3,0,0,10,2,4,1,1,0,0,0,2,1,80.14545454545457,38.372727272727275,Hungary,Switzerland,Group Stage,Hungary,0,1.0,0.5,0.4426999,0.22709541381551027,0.1111111111111111,0.5,0.0,0.05263157894736842,0.0,0.08695652173913043,0.10810810810810811,0.0,1.0,0.5,0.1026252983293556,22.051004960426138,low
UEFA Euro,2024,3930159,2024-06-15,40920,Márton Dárdai,916,Hungary,Left Center Back,42,0,0,0.0,13,11,0.8461538461538461,5,1,0,10,2,4,0,0,1,1,0,0,0,51.88333333333334,14.764285714285718,Hungary,Switzerland,Group Stage,Switzerland,1,0.0,0.0,0.0,0.0,0.0,0.0,0.0,0.08771929824561403,0.030303030303030304,0.08695652173913043,0.10810810810810811,0.125,0.0,0.0,0.09785202863961814,2.764900848424876,low
UEFA Euro,2024,3930159,2024-06-15,264277,Martin Ádám,916,Hungary,Right Attacking Midfield,21,0,0,0.0,7,3,0.42857142857142855,3,0,0,4,1,3,0,0,0,0,0,0,0,64.11904761904762,25.37142857142857,Hungary,Switzerland,Group Stage,Switzerland,1,0.0,0.0,0.0,0.0,0.0,0.0,0.0,0.05263157894736842,0.0,0.043478260869565216,0.08108108108108109,0.0,0.0,0.0,0.0477326968973747,1.2795472818356113,low
UEFA Euro,2024,3930159,2024-06-15,50436,Fabian Rieder,773,Switzerland,Right Attacking Midfield,13,0,0,0.0,4,2,0.5,1,1,1,3,2,1,0,0,0,0,0,1,1,89.71538461538461,55.50769230769231,Hungary,Switzerland,Group Stage,Hungary,0,0.0,1.0,0.0,0.0,0.0,0.0,0.14285714285714285,0.017543859649122806,0.030303030303030304,0.08695652173913043,0.02702702702702703,0.0,0.0,1.0,0.028639618138424822,6.586312485625987,low
UEFA Euro,2024,3930159,2024-06-15,11457,Vincent Sierro,773,Switzerland,Right Defensive Midfield,15,1,0,0.020479834,3,2,0.6666666666666666,1,1,0,4,1,3,0,0,0,0,0,0,0,75.05333333333334,34.68666666666666,Hungary,Switzerland,Group Stage,Hungary,0,0.0,0.0,0.020479834,0.01050570912056442,0.1111111111111111,0.0,0.0,0.017543859649122806,0.030303030303030304,0.043478260869565216,0.08108108108108109,0.0,0.0,0.0,0.03341288782816229,2.4539390794935283,low
UEFA Euro,2024,3930163,2024-06-16,22084,Bukayo Saka,768,England,Right Wing,142,0,0,0.0,35,29,0.8285714285714286,4,1,0,35,4,9,1,0,0,2,0,6,2,74.43191489361708,62.71276595744682,Serbia,England,Group Stage,Serbia,0,0.0,0.3333333333333333,0.0,0.0,0.0,0.0,0.0,0.07017543859649122,0.030303030303030304,0.17391304347826086,0.24324324324324326,0.0,0.0,0.3333333333333333,0.33651551312649164,4.7941234348557,low
UEFA Euro,2024,3930163,2024-06-16,3468,Jordan Pickford,768,England,Goalkeeper,126,0,0,0.0,45,28,0.6222222222222222,37,10,0,34,5,0,0,0,0,0,0,0,0,10.8515873015873,40.95238095238095,Serbia,England,Group Stage,Serbia,0,0.0,0.0,0.0,0.0,0.0,0.0,0.0,0.6491228070175439,0.30303030303030304,0.21739130434782608,0.0,0.0,0.0,0.0,0.29832935560859186,9.745510020109563,low
UEFA Euro,2024,3930163,2024-06-16,10955,Harry Kane,768,England,Center Forward,111,1,0,0.16733526,12,8,0.6666666666666666,2,4,0,17,1,20,5,0,0,0,1,1,1,75.26846846846846,39.08648648648649,Serbia,England,Group Stage,Serbia,0,0.0,1.0,0.16733526,0.08583934650905954,0.1111111111111111,0.0,0.0,0.03508771929824561,0.12121212121212122,0.043478260869565216,0.5405405405405406,0.0,0.0,1.0,0.26252983293556087,11.264561362539887,low
UEFA Euro,2024,3930163,2024-06-16,5603,Nikola Milenković,786,Serbia,Center Back,225,0,0,0.0,82,77,0.9390243902439024,21,3,1,58,9,7,3,1,0,3,1,0,0,42.37022222222227,32.98711111111112,Serbia,England,Group Stage,England,1,0.3333333333333333,0.0,0.0,0.0,0.0,0.0,0.14285714285714285,0.3684210526315789,0.09090909090909091,0.391304347826087,0.1891891891891892,0.0,0.3333333333333333,0.0,0.5346062052505967,10.977041471320648,low
UEFA Euro,2024,3930163,2024-06-16,6321,Milos Veljkovic,786,Serbia,Right Center Back,198,0,0,0.0,67,66,0.9850746268656716,25,8,0,56,2,6,1,0,1,2,0,0,0,50.16565656565656,62.51717171717171,Serbia,England,Group Stage,England,1,0.0,0.0,0.0,0.0,0.0,0.0,0.0,0.43859649122807015,0.24242424242424243,0.08695652173913043,0.16216216216216217,0.125,0.0,0.0,0.4701670644391408,7.604549109125767,low
UEFA Euro,2024,3930163,2024-06-16,4269,Aleksandar Mitrović,786,Serbia,Center Forward,92,1,0,0.09554446,18,14,0.7777777777777778,4,1,0,15,0,19,1,0,0,0,1,0,0,70.54444444444445,37.527777777777786,Serbia,England,Group Stage,England,1,0.0,0.0,0.09554446,0.04901222855817105,0.1111111111111111,0.0,0.0,0.07017543859649122,0.030303030303030304,0.0,0.5135135135135135,0.0,0.0,0.0,0.2171837708830549,5.757253930113018,low
UEFA Euro,2024,3930163,2024-06-16,34526,Marc Guehi,768,England,Left Center Back,159,0,0,0.0,53,51,0.9622641509433962,13,5,0,43,0,5,3,1,0,2,4,0,0,46.9044025157233,26.227044025157234,Serbia,England,Group Stage,Serbia,0,0.3333333333333333,0.0,0.0,0.0,0.0,0.0,0.0,0.22807017543859648,0.15151515151515152,0.0,0.13513513513513514,0.0,0.3333333333333333,0.0,0.37708830548926014,5.047286520970731,low
UEFA Euro,2024,3930163,2024-06-16,18015,Dušan Vlahović,786,Serbia,Right Attacking Midfield,88,2,0,0.08238129699999999,7,3,0.42857142857142855,1,0,0,10,1,19,3,0,0,1,3,0,0,81.97727272727269,45.71136363636364,Serbia,England,Group Stage,England,1,0.0,0.0,0.041190648499999996,0.042259812421176185,0.2222222222222222,0.0,0.0,0.017543859649122806,0.0,0.043478260869565216,0.5135135135135135,0.0,0.0,0.0,0.20763723150357996,6.369549783766945,low
UEFA Euro,2024,3930163,2024-06-16,3244,John Stones,768,England,Right Center Back,177,0,0,0.0,63,59,0.9365079365079365,15,4,0,47,3,2,2,1,0,6,1,0,0,45.98248587570623,50.605649717514105,Serbia,England,Group Stage,Serbia,0,0.5,0.0,0.0,0.0,0.0,0.0,0.0,0.2631578947368421,0.12121212121212122,0.13043478260869565,0.05405405405405406,0.0,0.5,0.0,0.4200477326968974,6.551388084568862,low
UEFA Euro,2024,3930163,2024-06-16,3664,Trent Alexander-Arnold,768,England,Right Defensive Midfield,161,3,0,0.102371397,47,40,0.851063829787234,12,5,0,43,1,10,1,1,1,1,1,1,0,65.44062500000004,56.080625,Serbia,England,Group Stage,Serbia,0,1.0,0.0,0.034123799,0.05251429865827141,0.3333333333333333,0.0,0.0,0.21052631578947367,0.15151515151515152,0.043478260869565216,0.2702702702702703,0.125,1.0,0.0,0.3818615751789976,13.708207153568486,low
UEFA Euro,2024,3930163,2024-06-16,3943,Declan Rice,768,England,Left Defensive Midfield,246,0,0,0.0,82,78,0.9512195121951219,15,6,1,67,2,9,3,1,3,1,2,0,0,56.52520325203255,37.636991869918674,Serbia,England,Group Stage,Serbia,0,0.3333333333333333,0.0,0.0,0.0,0.0,0.0,0.14285714285714285,0.2631578947368421,0.18181818181818182,0.08695652173913043,0.24324324324324326,0.375,0.3333333333333333,0.0,0.5847255369928401,9.714443008493351,low
UEFA Euro,2024,3930163,2024-06-16,5589,Sergej Milinković-Savić,786,Serbia,Left Attacking Midfield,196,1,0,0.01536182,56,48,0.8571428571428571,16,8,1,44,3,10,3,1,0,2,1,0,0,69.61377551020406,33.12704081632654,Serbia,England,Group Stage,England,1,0.3333333333333333,0.0,0.01536182,0.007880279326603377,0.1111111111111111,0.0,0.14285714285714285,0.2807017543859649,0.24242424242424243,0.13043478260869565,0.2702702702702703,0.0,0.3333333333333333,0.0,0.46539379474940334,10.483991224382736,low
UEFA Euro,2024,3930163,2024-06-16,3308,Kieran Trippier,768,England,Left Back,132,0,0,0.0,42,39,0.9285714285714286,6,2,0,32,0,10,0,0,0,2,2,1,1,58.620930232558116,12.961240310077523,Serbia,England,Group Stage,Serbia,0,0.0,1.0,0.0,0.0,0.0,0.0,0.0,0.10526315789473684,0.06060606060606061,0.0,0.2702702702702703,0.0,0.0,1.0,0.3126491646778043,6.707013233329023,low
UEFA Euro,2024,3930163,2024-06-16,30714,Jude Bellingham,768,England,Center Attacking Midfield,284,1,1,0.28910747,73,68,0.9315068493150684,14,7,0,75,5,24,4,3,1,2,2,2,0,64.77304964539006,32.54468085106382,Serbia,England,Group Stage,Serbia,0,0.75,0.0,0.28910747,0.14830583999862032,0.1111111111111111,0.5,0.0,0.24561403508771928,0.21212121212121213,0.21739130434782608,0.6486486486486487,0.125,0.75,0.0,0.6754176610978521,24.317877200585723,low
UEFA Euro,2024,3930163,2024-06-16,4354,Phil Foden,768,England,Left Wing,192,0,0,0.0,59,49,0.8305084745762712,12,2,1,54,3,7,1,0,1,1,0,0,0,65.82864583333333,23.442187500000014,Serbia,England,Group Stage,Serbia,0,0.0,0.0,0.0,0.0,0.0,0.0,0.14285714285714285,0.21052631578947367,0.06060606060606061,0.13043478260869565,0.1891891891891892,0.125,0.0,0.0,0.45584725536992843,6.32628909631198,low
UEFA Euro,2024,3930163,2024-06-16,3205,Kyle Walker,768,England,Right Back,234,0,0,0.0,85,73,0.8588235294117647,24,12,0,66,4,2,1,0,1,3,0,0,0,58.385042735042724,65.71709401709403,Serbia,England,Group Stage,Serbia,0,0.0,0.0,0.0,0.0,0.0,0.0,0.0,0.42105263157894735,0.36363636363636365,0.17391304347826086,0.05405405405405406,0.125,0.0,0.0,0.5560859188544153,8.190282752067649,low
UEFA Euro,2024,3930163,2024-06-16,5591,Filip Kostić,786,Serbia,Left Wing Back,56,0,0,0.0,15,8,0.5333333333333333,5,0,0,10,2,4,2,0,0,1,2,0,0,67.88076923076923,7.8096153846153875,Serbia,England,Group Stage,England,1,0.0,0.0,0.0,0.0,0.0,0.0,0.0,0.08771929824561403,0.0,0.08695652173913043,0.10810810810810811,0.0,0.0,0.0,0.13126491646778043,2.1133856969097247,low
UEFA Euro,2024,3930163,2024-06-16,27719,Strahinja Pavlović,786,Serbia,Left Center Back,165,0,0,0.0,49,38,0.7755102040816326,14,8,0,39,4,18,3,1,2,5,1,2,2,57.5642424242424,13.399999999999995,Serbia,England,Group Stage,England,1,0.3333333333333333,1.0,0.0,0.0,0.0,0.0,0.0,0.24561403508771928,0.24242424242424243,0.17391304347826086,0.4864864864864865,0.25,0.3333333333333333,1.0,0.3914081145584726,13.825331676590258,low
UEFA Euro,2024,3930163,2024-06-16,16489,Nemanja Gudelj,786,Serbia,Left Defensive Midfield,114,0,0,0.0,34,33,0.9705882352941176,9,3,0,30,4,7,1,0,0,0,1,1,1,48.69026548672565,29.42654867256638,Serbia,England,Group Stage,England,1,0.0,1.0,0.0,0.0,0.0,0.0,0.0,0.15789473684210525,0.09090909090909091,0.17391304347826086,0.1891891891891892,0.0,0.0,1.0,0.26968973747016706,8.37074311673854,low
UEFA Euro,2024,3930163,2024-06-16,6318,Andrija Živković,786,Serbia,Right Wing Back,140,0,0,0.0,43,32,0.7441860465116279,6,0,1,30,2,15,3,0,0,1,2,0,0,68.14172661870506,69.88057553956838,Serbia,England,Group Stage,England,1,0.0,0.0,0.0,0.0,0.0,0.0,0.14285714285714285,0.10526315789473684,0.0,0.08695652173913043,0.40540540540540543,0.0,0.0,0.0,0.3317422434367542,5.203882208458868,low
UEFA Euro,2024,3930163,2024-06-16,6687,Saša Lukić,786,Serbia,Right Defensive Midfield,166,0,0,0.0,52,48,0.9230769230769231,8,2,0,44,6,13,3,3,0,0,2,0,0,57.912121212121214,43.13999999999999,Serbia,England,Group Stage,England,1,1.0,0.0,0.0,0.0,0.0,0.0,0.0,0.14035087719298245,0.06060606060606061,0.2608695652173913,0.35135135135135137,0.0,1.0,0.0,0.3937947494033413,9.550252353456015,low
UEFA Euro,2024,3930163,2024-06-16,15731,Predrag Rajković,786,Serbia,Goalkeeper,78,0,0,0.0,30,20,0.6666666666666666,21,2,0,17,1,0,0,0,0,0,0,0,0,10.85324675324675,41.33116883116882,Serbia,England,Group Stage,England,1,0.0,0.0,0.0,0.0,0.0,0.0,0.0,0.3684210526315789,0.06060606060606061,0.043478260869565216,0.0,0.0,0.0,0.0,0.18377088305489261,4.3350669163026145,low
UEFA Euro,2024,3930163,2024-06-16,7993,Filip Mladenović,786,Serbia,Left Wing Back,84,0,0,0.0,30,23,0.7666666666666667,1,0,1,16,2,6,1,1,1,0,0,1,1,81.52380952380948,10.160714285714294,Serbia,England,Group Stage,England,1,1.0,1.0,0.0,0.0,0.0,0.0,0.14285714285714285,0.017543859649122806,0.0,0.08695652173913043,0.16216216216216217,0.125,1.0,1.0,0.19809069212410502,11.61047300978651,low
UEFA Euro,2024,3930163,2024-06-16,30179,Ivan Ilić,786,Serbia,Center Defensive Midfield,125,1,0,0.02291271,40,38,0.95,7,4,0,29,4,8,2,2,0,0,1,0,0,63.04320000000003,50.06160000000002,Serbia,England,Group Stage,England,1,1.0,0.0,0.02291271,0.011753721559649731,0.1111111111111111,0.0,0.0,0.12280701754385964,0.12121212121212122,0.17391304347826086,0.21621621621621623,0.0,1.0,0.0,0.29594272076372313,9.711470360508724,low
UEFA Euro,2024,3930163,2024-06-16,6319,Luka Jović,786,Serbia,Left Center Forward,30,0,0,0.0,4,2,0.5,0,0,0,3,1,7,1,0,0,0,0,1,1,85.71666666666668,27.733333333333338,Serbia,England,Group Stage,England,1,0.0,1.0,0.0,0.0,0.0,0.0,0.0,0.0,0.0,0.043478260869565216,0.1891891891891892,0.0,0.0,1.0,0.06921241050119331,5.293772032902468,low
UEFA Euro,2024,3930163,2024-06-16,3831,Dušan Tadić,786,Serbia,Center Attacking Midfield,46,0,0,0.0,15,9,0.6,3,2,0,10,1,2,0,0,0,1,0,1,1,77.86956521739131,47.86304347826086,Serbia,England,Group Stage,England,1,0.0,1.0,0.0,0.0,0.0,0.0,0.0,0.05263157894736842,0.06060606060606061,0.043478260869565216,0.05405405405405406,0.0,0.0,1.0,0.10739856801909307,5.447442449730779,low
UEFA Euro,2024,3930163,2024-06-16,29399,Conor Gallagher,768,England,Right Defensive Midfield,54,0,0,0.0,13,13,1.0,0,1,0,11,0,4,1,0,0,0,2,1,1,64.64444444444445,56.82222222222222,Serbia,England,Group Stage,Serbia,0,0.0,1.0,0.0,0.0,0.0,0.0,0.0,0.0,0.030303030303030304,0.0,0.10810810810810811,0.0,0.0,1.0,0.12649164677804295,4.692055692055692,low
UEFA Euro,2024,3930163,2024-06-16,28075,Veljko Birmančević,786,Serbia,Right Wing Back,35,1,0,0.033204958,6,3,0.5,0,0,0,5,0,7,1,0,2,0,0,0,0,82.84857142857143,66.30000000000001,Serbia,England,Group Stage,England,1,0.0,0.0,0.033204958,0.01703342078400433,0.1111111111111111,0.0,0.0,0.0,0.0,0.0,0.1891891891891892,0.25,0.0,0.0,0.081145584725537,3.4828925766571652,low
UEFA Euro,2024,3930163,2024-06-16,9640,Jarrod Bowen,768,England,Right Wing,37,0,0,0.0,7,6,0.8571428571428571,2,0,1,6,1,2,0,0,0,1,2,0,0,58.07027027027028,67.04594594594597,Serbia,England,Group Stage,Serbia,0,0.0,0.0,0.0,0.0,0.0,0.0,0.14285714285714285,0.03508771929824561,0.0,0.043478260869565216,0.05405405405405406,0.0,0.0,0.0,0.08591885441527446,2.3975449787806764,low
UEFA Euro,2024,3930163,2024-06-16,99174,Kobbie Mainoo,768,England,Left Center Midfield,11,0,0,0.0,2,2,1.0,0,0,0,1,0,4,1,0,0,0,0,0,0,79.04545454545455,53.18181818181818,Serbia,England,Group Stage,Serbia,0,0.0,0.0,0.0,0.0,0.0,0.0,0.0,0.0,0.0,0.0,0.10810810810810811,0.0,0.0,0.0,0.02386634844868735,0.5405405405405406,low
UEFA Euro,2024,3930181,2024-06-25,4354,Phil Foden,768,England,Left Wing,285,3,0,0.070994003,85,74,0.8705882352941177,8,6,2,77,2,10,0,0,0,0,4,2,2,77.81378091872791,22.09787985865724,England,Slovenia,Group Stage,Slovenia,1,0.0,1.0,0.023664667666666667,0.036418378431313354,0.3333333333333333,0.0,0.2857142857142857,0.14035087719298245,0.18181818181818182,0.08695652173913043,0.2702702702702703,0.0,0.0,1.0,0.6778042959427207,15.460538857544151,low
UEFA Euro,2024,3930181,2024-06-25,3468,Jordan Pickford,768,England,Goalkeeper,89,0,0,0.0,34,29,0.8529411764705882,21,2,0,24,0,0,0,0,0,0,0,0,0,14.98426966292135,37.889887640449444,England,Slovenia,Group Stage,Slovenia,1,0.0,0.0,0.0,0.0,0.0,0.0,0.0,0.3684210526315789,0.06060606060606061,0.0,0.0,0.0,0.0,0.0,0.2100238663484487,3.9872408293460926,low
UEFA Euro,2024,3930181,2024-06-25,10955,Harry Kane,768,England,Center Forward,121,5,0,0.508765244,22,13,0.5909090909090909,4,3,2,25,2,12,2,0,0,0,1,0,0,85.190909090909,40.57520661157026,England,Slovenia,Group Stage,Slovenia,1,0.0,0.0,0.1017530488,0.2609854974467558,0.5555555555555556,0.0,0.2857142857142857,0.07017543859649122,0.09090909090909091,0.08695652173913043,0.32432432432432434,0.0,0.0,0.0,0.2863961813842482,18.410909484912338,low
UEFA Euro,2024,3930181,2024-06-25,16047,Jaka Bijol,944,Slovenia,Left Center Back,110,0,0,0.0,36,29,0.8055555555555556,18,3,0,22,1,12,3,0,0,5,3,0,0,34.30818181818183,28.54363636363637,England,Slovenia,Group Stage,England,0,0.0,0.0,0.0,0.0,0.0,0.0,0.0,0.3157894736842105,0.09090909090909091,0.043478260869565216,0.32432432432432434,0.0,0.0,0.0,0.26014319809069214,5.581887899965704,low
UEFA Euro,2024,3930181,2024-06-25,38759,Benjamin Šeško,944,Slovenia,Left Center Forward,73,1,0,0.06892924,12,9,0.75,3,0,0,6,0,18,0,0,0,1,3,0,0,64.9388888888889,33.970833333333324,England,Slovenia,Group Stage,England,0,0.0,0.0,0.06892924,0.03535919994964676,0.1111111111111111,0.0,0.0,0.05263157894736842,0.0,0.0,0.4864864864864865,0.0,0.0,0.0,0.1718377088305489,4.953839331758397,low
UEFA Euro,2024,3930181,2024-06-25,3244,John Stones,768,England,Right Center Back,259,1,0,0.07156796,86,85,0.9883720930232558,25,5,1,78,5,1,1,0,0,2,1,0,0,50.88725868725872,54.239382239382174,England,Slovenia,Group Stage,Slovenia,1,0.0,0.0,0.07156796,0.03671280588076005,0.1111111111111111,0.0,0.14285714285714285,0.43859649122807015,0.15151515151515152,0.21739130434782608,0.02702702702702703,0.0,0.0,0.0,0.6157517899761337,10.475308926475744,low
UEFA Euro,2024,3930181,2024-06-25,3205,Kyle Walker,768,England,Right Back,293,0,0,0.0,105,98,0.9333333333333333,32,11,0,81,3,8,1,0,1,0,1,1,1,62.44436860068259,62.91672354948805,England,Slovenia,Group Stage,Slovenia,1,0.0,1.0,0.0,0.0,0.0,0.0,0.0,0.5614035087719298,0.3333333333333333,0.13043478260869565,0.21621621621621623,0.125,0.0,1.0,0.6968973747016707,13.90526109633661,low
UEFA Euro,2024,3930181,2024-06-25,34526,Marc Guehi,768,England,Left Center Back,310,0,0,0.0,109,100,0.9174311926605505,32,6,0,88,10,6,2,0,1,2,2,0,0,48.60290322580646,28.250967741935494,England,Slovenia,Group Stage,Slovenia,1,0.0,0.0,0.0,0.0,0.0,0.0,0.0,0.5614035087719298,0.18181818181818182,0.43478260869565216,0.16216216216216217,0.125,0.0,0.0,0.7374701670644391,11.312197677186235,low
UEFA Euro,2024,3930181,2024-06-25,3308,Kieran Trippier,768,England,Left Back,304,0,0,0.0,111,101,0.9099099099099099,37,13,2,86,2,7,2,0,0,1,0,0,0,67.36897689768978,12.717491749174915,England,Slovenia,Group Stage,Slovenia,1,0.0,0.0,0.0,0.0,0.0,0.0,0.2857142857142857,0.6491228070175439,0.3939393939393939,0.08695652173913043,0.1891891891891892,0.0,0.0,0.0,0.7231503579952268,12.959666016874253,low
UEFA Euro,2024,3930181,2024-06-25,16528,Petar Stojanović,944,Slovenia,Right Midfield,125,0,0,0.0,24,20,0.8333333333333334,7,1,1,27,6,16,2,0,0,0,5,2,2,67.05040000000001,62.5648,England,Slovenia,Group Stage,England,0,0.0,1.0,0.0,0.0,0.0,0.0,0.14285714285714285,0.12280701754385964,0.030303030303030304,0.2608695652173913,0.43243243243243246,0.0,0.0,1.0,0.29594272076372313,11.05727543942647,low
UEFA Euro,2024,3930181,2024-06-25,30714,Jude Bellingham,768,England,Center Attacking Midfield,218,0,0,0.0,57,50,0.8771929824561403,5,1,0,58,6,18,1,0,1,0,1,4,1,76.59724770642201,23.26926605504586,England,Slovenia,Group Stage,Slovenia,1,0.0,0.25,0.0,0.0,0.0,0.0,0.0,0.08771929824561403,0.030303030303030304,0.2608695652173913,0.4864864864864865,0.125,0.0,0.25,0.5178997613365155,7.048097088142855,low
UEFA Euro,2024,3930181,2024-06-25,31866,Andraž Šporar,944,Slovenia,Right Center Forward,109,2,0,0.06809132500000001,17,11,0.6470588235294118,2,3,1,16,2,16,4,1,0,0,1,0,0,73.9952380952381,51.80952380952384,England,Slovenia,Group Stage,England,0,0.25,0.0,0.034045662500000004,0.034929367790960425,0.2222222222222222,0.0,0.14285714285714285,0.03508771929824561,0.09090909090909091,0.08695652173913043,0.43243243243243246,0.0,0.25,0.0,0.2577565632458234,9.187264829170779,low
UEFA Euro,2024,3930181,2024-06-25,3943,Declan Rice,768,England,Left Defensive Midfield,206,1,0,0.035136804,60,54,0.9,10,8,2,54,4,13,3,1,1,1,1,1,1,66.21019417475725,29.605339805825242,England,Slovenia,Group Stage,Slovenia,1,0.3333333333333333,1.0,0.035136804,0.018024415737465667,0.1111111111111111,0.0,0.2857142857142857,0.17543859649122806,0.24242424242424243,0.17391304347826086,0.35135135135135137,0.125,0.3333333333333333,1.0,0.4892601431980907,16.36676597664028,low
UEFA Euro,2024,3930181,2024-06-25,31968,Adam Gnezda Čerin,944,Slovenia,Right Defensive Midfield,142,1,0,0.027896708,36,28,0.7777777777777778,15,4,0,30,2,27,4,1,2,2,1,1,1,54.56549295774651,51.05492957746482,England,Slovenia,Group Stage,England,0,0.25,1.0,0.027896708,0.014310404062324061,0.1111111111111111,0.0,0.0,0.2631578947368421,0.12121212121212122,0.08695652173913043,0.7297297297297297,0.25,0.25,1.0,0.33651551312649164,15.050811588659933,low
UEFA Euro,2024,3930181,2024-06-25,15896,Timi Elšnik,944,Slovenia,Left Defensive Midfield,90,0,0,0.0,25,22,0.88,6,2,0,19,4,12,4,1,2,1,2,0,0,56.44333333333331,33.99555555555556,England,Slovenia,Group Stage,England,0,0.25,0.0,0.0,0.0,0.0,0.0,0.0,0.10526315789473684,0.06060606060606061,0.17391304347826086,0.32432432432432434,0.25,0.25,0.0,0.21241050119331742,6.36858785142538,low
UEFA Euro,2024,3930181,2024-06-25,6378,Jan Oblak,944,Slovenia,Goalkeeper,60,0,0,0.0,29,14,0.4827586206896552,25,6,0,9,0,0,0,0,0,0,0,0,0,8.161666666666669,43.783333333333324,England,Slovenia,Group Stage,England,0,0.0,0.0,0.0,0.0,0.0,0.0,0.0,0.43859649122807015,0.18181818181818182,0.0,0.0,0.0,0.0,0.0,0.14081145584725538,5.29505582137161,low
UEFA Euro,2024,3930181,2024-06-25,137487,Žan Karničnik,944,Slovenia,Right Back,142,0,0,0.0,45,35,0.7777777777777778,9,5,0,35,4,15,2,1,1,1,2,1,0,55.34014084507044,69.81549295774647,England,Slovenia,Group Stage,England,0,0.5,0.0,0.0,0.0,0.0,0.0,0.0,0.15789473684210525,0.15151515151515152,0.17391304347826086,0.40540540540540543,0.125,0.5,0.0,0.33651551312649164,8.254854500849923,low
UEFA Euro,2024,3930181,2024-06-25,205932,Vanja Drkušić,944,Slovenia,Right Center Back,82,0,0,0.0,22,17,0.7727272727272727,9,3,0,17,1,12,3,0,1,5,2,0,0,33.719512195121965,52.47439024390245,England,Slovenia,Group Stage,England,0,0.0,0.0,0.0,0.0,0.0,0.0,0.0,0.15789473684210525,0.09090909090909091,0.043478260869565216,0.32432432432432434,0.125,0.0,0.0,0.19331742243436753,4.502940531544651,low
UEFA Euro,2024,3930181,2024-06-25,31089,Jan Mlakar,944,Slovenia,Left Midfield,86,0,0,0.0,16,9,0.5625,6,1,1,15,2,22,4,2,0,0,1,1,0,55.89058823529414,16.44470588235294,England,Slovenia,Group Stage,England,0,0.5,0.0,0.0,0.0,0.0,0.0,0.14285714285714285,0.10526315789473684,0.030303030303030304,0.08695652173913043,0.5945945945945946,0.0,0.5,0.0,0.20286396181384247,8.301343305919964,low
UEFA Euro,2024,3930181,2024-06-25,29399,Conor Gallagher,768,England,Right Defensive Midfield,78,0,0,0.0,22,17,0.7727272727272727,6,2,0,19,2,7,0,0,0,0,1,0,0,62.12987012987016,58.537662337662354,England,Slovenia,Group Stage,Slovenia,1,0.0,0.0,0.0,0.0,0.0,0.0,0.0,0.10526315789473684,0.06060606060606061,0.08695652173913043,0.1891891891891892,0.0,0.0,0.0,0.18377088305489261,2.997260001836661,low
UEFA Euro,2024,3930181,2024-06-25,28211,Erik Janža,944,Slovenia,Left Back,90,0,0,0.0,25,19,0.76,5,1,0,12,0,26,0,0,0,2,0,0,0,51.065909090909095,8.20340909090909,England,Slovenia,Group Stage,England,0,0.0,0.0,0.0,0.0,0.0,0.0,0.0,0.08771929824561403,0.030303030303030304,0.0,0.7027027027027027,0.0,0.0,0.0,0.21241050119331742,4.542221647484805,low
UEFA Euro,2024,3930181,2024-06-25,22084,Bukayo Saka,768,England,Right Wing,136,0,0,0.0,37,33,0.8918918918918919,8,3,0,37,1,3,0,0,0,0,2,0,0,80.2162962962963,66.58666666666666,England,Slovenia,Group Stage,Slovenia,1,0.0,0.0,0.0,0.0,0.0,0.0,0.0,0.14035087719298245,0.09090909090909091,0.043478260869565216,0.08108108108108109,0.0,0.0,0.0,0.3221957040572792,2.6112857188372063,low
UEFA Euro,2024,3930181,2024-06-25,99174,Kobbie Mainoo,768,England,Right Defensive Midfield,112,0,0,0.0,35,33,0.9428571428571428,2,1,0,30,0,3,1,0,0,1,0,1,0,78.21071428571427,49.05714285714286,England,Slovenia,Group Stage,Slovenia,1,0.0,0.0,0.0,0.0,0.0,0.0,0.0,0.03508771929824561,0.030303030303030304,0.0,0.08108108108108109,0.0,0.0,0.0,0.2649164677804296,0.907797749903013,low
UEFA Euro,2024,3930181,2024-06-25,39461,Cole Palmer,768,England,Right Wing,65,1,0,0.0473352,16,14,0.875,4,2,0,18,3,1,0,0,0,0,1,1,0,84.16507936507938,59.33333333333332,England,Slovenia,Group Stage,Slovenia,1,0.0,0.0,0.0473352,0.024281927400570776,0.1111111111111111,0.0,0.0,0.07017543859649122,0.06060606060606061,0.13043478260869565,0.02702702702702703,0.0,0.0,0.0,0.15274463007159905,3.901557381125296,low
UEFA Euro,2024,3930181,2024-06-25,7139,Josip Iličić,944,Slovenia,Left Center Forward,36,0,0,0.0,5,4,0.8,3,1,0,7,0,6,0,0,0,0,0,0,0,63.67777777777778,40.002777777777766,England,Slovenia,Group Stage,England,0,0.0,0.0,0.0,0.0,0.0,0.0,0.0,0.05263157894736842,0.030303030303030304,0.0,0.16216216216216217,0.0,0.0,0.0,0.08353221957040573,1.4886417517996464,low
UEFA Euro,2024,3930181,2024-06-25,3664,Trent Alexander-Arnold,768,England,Right Back,29,1,0,0.02242279,8,6,0.75,3,2,0,9,2,0,0,0,0,0,0,0,0,51.11034482758621,64.51034482758621,England,Slovenia,Group Stage,Slovenia,1,0.0,0.0,0.02242279,0.011502403262228626,0.1111111111111111,0.0,0.0,0.05263157894736842,0.06060606060606061,0.08695652173913043,0.0,0.0,0.0,0.0,0.06682577565632458,2.9236694590838574,low
UEFA Euro,2024,3930181,2024-06-25,11416,Jon Gorenc Stankovič,944,Slovenia,Left Midfield,5,0,0,0.0,2,2,1.0,0,0,0,0,0,1,0,0,0,0,0,0,0,67.49999999999999,13.24,England,Slovenia,Group Stage,England,0,0.0,0.0,0.0,0.0,0.0,0.0,0.0,0.0,0.0,0.0,0.02702702702702703,0.0,0.0,0.0,0.00954653937947494,0.13513513513513514,low
UEFA Euro,2024,3930181,2024-06-25,24109,Žan Celar,944,Slovenia,Right Center Forward,7,0,0,0.0,1,0,0.0,1,0,0,0,0,3,0,0,0,0,0,0,0,86.81428571428572,44.57142857142857,England,Slovenia,Group Stage,England,0,0.0,0.0,0.0,0.0,0.0,0.0,0.0,0.017543859649122806,0.0,0.0,0.08108108108108109,0.0,0.0,0.0,0.014319809069212411,0.5808440018966334,low
UEFA Euro,2024,3930181,2024-06-25,28104,Anthony Gordon,768,England,Left Wing,10,0,0,0.0,3,3,1.0,1,1,1,3,0,0,0,0,0,0,0,0,0,71.17,8.28,England,Slovenia,Group Stage,Slovenia,1,0.0,0.0,0.0,0.0,0.0,0.0,0.14285714285714285,0.017543859649122806,0.030303030303030304,0.0,0.0,0.0,0.0,0.0,0.021479713603818614,1.7555251765778082,low
UEFA Euro,2024,3930181,2024-06-25,30940,Jure Balkovec,944,Slovenia,Left Back,3,0,0,0.0,0,0,0.0,0,0,0,0,0,3,0,0,0,0,0,0,0,27.96666666666667,16.900000000000002,England,Slovenia,Group Stage,England,0,0.0,0.0,0.0,0.0,0.0,0.0,0.0,0.0,0.0,0.0,0.08108108108108109,0.0,0.0,0.0,0.00477326968973747,0.40540540540540543,low
UEFA Euro,2024,3930178,2024-06-24,5460,Andrej Kramarić,785,Croatia,Center Forward,118,1,0,0.024291756,26,20,0.7692307692307693,2,0,1,24,2,14,1,0,0,0,2,2,2,80.2179487179487,36.561538461538454,Croatia,Italy,Group Stage,Italy,1,0.0,1.0,0.024291756,0.01246114214420515,0.1111111111111111,0.0,0.14285714285714285,0.03508771929824561,0.0,0.08695652173913043,0.3783783783783784,0.0,0.0,1.0,0.27923627684964203,9.78963235207506,low
UEFA Euro,2024,3930178,2024-06-24,5463,Luka Modrić,785,Croatia,Right Center Midfield,193,3,1,1.288909137,59,48,0.8135593220338984,15,6,1,45,6,16,2,0,0,0,0,2,2,68.12135416666668,52.04947916666661,Croatia,Italy,Group Stage,Italy,1,0.0,1.0,0.429636379,0.6611823355677452,0.3333333333333333,0.5,0.14285714285714285,0.2631578947368421,0.18181818181818182,0.2608695652173913,0.43243243243243246,0.0,0.0,1.0,0.45823389021479716,40.58125169145901,medium
UEFA Euro,2024,3930178,2024-06-24,37148,Josip Šutalo,785,Croatia,Right Center Back,221,0,0,0.0,68,66,0.9705882352941176,9,0,0,62,1,14,3,0,2,3,4,1,1,38.52533936651584,55.499999999999986,Croatia,Italy,Group Stage,Italy,1,0.0,1.0,0.0,0.0,0.0,0.0,0.0,0.15789473684210525,0.0,0.043478260869565216,0.3783783783783784,0.25,0.0,1.0,0.5250596658711217,8.818665347269466,low
UEFA Euro,2024,3930178,2024-06-24,49337,Josip Stanišić,785,Croatia,Right Back,236,0,0,0.0,74,61,0.8243243243243243,17,3,0,66,7,11,3,3,2,0,1,2,2,61.21191489361704,70.56638297872345,Croatia,Italy,Group Stage,Italy,1,1.0,1.0,0.0,0.0,0.0,0.0,0.0,0.2982456140350877,0.09090909090909091,0.30434782608695654,0.2972972972972973,0.25,1.0,1.0,0.5608591885441527,16.35827069007847,low
UEFA Euro,2024,3930178,2024-06-24,8773,Marin Pongracic,785,Croatia,Left Center Back,207,0,0,0.0,64,60,0.9375,18,3,0,52,12,15,4,1,2,5,6,1,1,42.143961352657044,28.338164251207743,Croatia,Italy,Group Stage,Italy,1,0.25,1.0,0.0,0.0,0.0,0.0,0.0,0.3157894736842105,0.09090909090909091,0.5217391304347826,0.40540540540540543,0.25,0.25,1.0,0.4916467780429594,15.81338026189285,low
UEFA Euro,2024,3930178,2024-06-24,33018,Joško Gvardiol,785,Croatia,Left Back,181,0,0,0.0,54,50,0.9259259259259259,9,5,0,43,4,13,4,0,1,2,5,3,2,54.92499999999999,15.754444444444443,Croatia,Italy,Group Stage,Italy,1,0.0,0.6666666666666666,0.0,0.0,0.0,0.0,0.0,0.15789473684210525,0.15151515151515152,0.17391304347826086,0.35135135135135137,0.125,0.0,0.6666666666666666,0.4295942720763723,8.651250897246321,low
UEFA Euro,2024,3930178,2024-06-24,12255,Federico Dimarco,914,Italy,Left Wing Back,87,0,0,0.0,26,22,0.8461538461538461,6,2,1,19,2,11,0,0,0,2,1,0,0,56.298837209302334,11.144186046511631,Croatia,Italy,Group Stage,Croatia,0,0.0,0.0,0.0,0.0,0.0,0.0,0.14285714285714285,0.10526315789473684,0.06060606060606061,0.08695652173913043,0.2972972972972973,0.0,0.0,0.0,0.2052505966587112,4.9663719709486305,low
UEFA Euro,2024,3930178,2024-06-24,39490,Luka Sučić,785,Croatia,Right Wing,135,1,0,0.021476122,37,34,0.918918918918919,7,1,1,34,3,15,1,0,0,0,0,1,0,73.71567164179106,61.61791044776122,Croatia,Italy,Group Stage,Italy,1,0.0,0.0,0.021476122,0.011016783181433707,0.1111111111111111,0.0,0.14285714285714285,0.12280701754385964,0.030303030303030304,0.13043478260869565,0.40540540540540543,0.0,0.0,0.0,0.3198090692124105,7.265192734068722,low
UEFA Euro,2024,3930178,2024-06-24,8181,Nicolò Barella,914,Italy,Right Center Midfield,270,0,0,0.0,80,76,0.95,12,6,2,71,4,20,3,2,0,0,3,1,1,62.87740740740736,48.598518518518546,Croatia,Italy,Group Stage,Croatia,0,0.6666666666666666,1.0,0.0,0.0,0.0,0.0,0.2857142857142857,0.21052631578947367,0.18181818181818182,0.17391304347826086,0.5405405405405406,0.0,0.6666666666666666,1.0,0.6420047732696897,16.63217064132396,low
UEFA Euro,2024,3930178,2024-06-24,5469,Marcelo Brozović,785,Croatia,Center Defensive Midfield,206,0,0,0.0,59,49,0.8305084745762712,18,3,1,46,4,25,2,0,1,4,4,0,0,56.41019417475728,47.17330097087379,Croatia,Italy,Group Stage,Italy,1,0.0,0.0,0.0,0.0,0.0,0.0,0.14285714285714285,0.3157894736842105,0.09090909090909091,0.17391304347826086,0.6756756756756757,0.125,0.0,0.0,0.4892601431980907,10.310694346163453,low
UEFA Euro,2024,3930178,2024-06-24,5456,Mateo Kovačić,785,Croatia,Left Center Midfield,130,0,0,0.0,32,31,0.96875,5,3,0,33,5,21,2,2,2,0,2,0,0,62.919379844961234,23.96356589147286,Croatia,Italy,Group Stage,Italy,1,1.0,0.0,0.0,0.0,0.0,0.0,0.0,0.08771929824561403,0.09090909090909091,0.21739130434782608,0.5675675675675675,0.25,1.0,0.0,0.30787589498806683,10.908706709622042,low
UEFA Euro,2024,3930178,2024-06-24,11603,Mario Pašalić,785,Croatia,Left Wing,44,0,0,0.0,10,7,0.7,1,0,0,10,1,5,1,0,0,2,0,1,0,75.74651162790695,26.581395348837205,Croatia,Italy,Group Stage,Italy,1,0.0,0.0,0.0,0.0,0.0,0.0,0.0,0.017543859649122806,0.0,0.043478260869565216,0.13513513513513514,0.0,0.0,0.0,0.1026252983293556,1.1989403591234256,low
UEFA Euro,2024,3930178,2024-06-24,16531,Dominik Livaković,785,Croatia,Goalkeeper,82,0,0,0.0,27,19,0.7037037037037037,19,5,0,16,0,0,0,0,0,0,0,0,0,10.720731707317073,39.540243902439016,Croatia,Italy,Group Stage,Italy,1,0.0,0.0,0.0,0.0,0.0,0.0,0.0,0.3333333333333333,0.15151515151515152,0.0,0.0,0.0,0.0,0.0,0.19331742243436753,4.090909090909091,low
UEFA Euro,2024,3930178,2024-06-24,31093,Mateo Retegui,914,Italy,Left Center Forward,102,3,0,0.190500495,14,8,0.5714285714285714,1,1,0,13,0,22,2,1,0,0,1,0,0,77.88725490196076,44.56764705882353,Croatia,Italy,Group Stage,Croatia,0,0.5,0.0,0.063500165,0.09772260789777577,0.3333333333333333,0.0,0.0,0.017543859649122806,0.030303030303030304,0.0,0.5945945945945946,0.0,0.5,0.0,0.24105011933174225,11.07632525175708,low
UEFA Euro,2024,3930178,2024-06-24,7024,Jorge Luiz Frello Filho,914,Italy,Center Defensive Midfield,251,0,0,0.0,77,74,0.961038961038961,14,7,1,71,3,14,3,1,0,0,0,0,0,57.568800000000024,41.4772,Croatia,Italy,Group Stage,Croatia,0,0.3333333333333333,0.0,0.0,0.0,0.0,0.0,0.14285714285714285,0.24561403508771928,0.21212121212121213,0.13043478260869565,0.3783783783783784,0.0,0.3333333333333333,0.0,0.5966587112171837,9.214021326149473,low
UEFA Euro,2024,3930178,2024-06-24,6963,Lorenzo Pellegrini,914,Italy,Left Center Midfield,89,2,0,0.068204444,22,16,0.7272727272727273,3,0,1,21,0,9,1,0,1,1,1,1,1,68.02272727272727,22.669318181818195,Croatia,Italy,Group Stage,Croatia,0,0.0,1.0,0.034102222,0.03498739537604774,0.2222222222222222,0.0,0.14285714285714285,0.05263157894736842,0.0,0.0,0.24324324324324326,0.125,0.0,1.0,0.2100238663484487,10.768010540884745,low
UEFA Euro,2024,3930178,2024-06-24,7480,Alessandro Bastoni,914,Italy,Center Back,232,2,0,0.31241198,79,73,0.9240506329113924,33,10,1,62,4,5,3,0,2,5,2,0,0,47.71551724137925,37.434482758620696,Croatia,Italy,Group Stage,Croatia,0,0.0,0.0,0.15620599,0.16026054643116683,0.2222222222222222,0.0,0.14285714285714285,0.5789473684210527,0.30303030303030304,0.17391304347826086,0.13513513513513514,0.25,0.0,0.0,0.5513126491646778,18.02891253443663,low
UEFA Euro,2024,3930178,2024-06-24,25048,Giacomo Raspadori,914,Italy,Right Center Forward,116,1,0,0.06597319,33,25,0.7575757575757576,10,3,3,28,2,10,3,1,0,0,0,1,0,73.36695652173916,46.04086956521739,Croatia,Italy,Group Stage,Croatia,0,0.3333333333333333,0.0,0.06597319,0.03384281063487768,0.1111111111111111,0.0,0.42857142857142855,0.17543859649122806,0.09090909090909091,0.08695652173913043,0.2702702702702703,0.0,0.3333333333333333,0.0,0.2744630071599045,11.832163940752801,low
UEFA Euro,2024,3930178,2024-06-24,11514,Giovanni Di Lorenzo,914,Italy,Right Wing Back,215,1,0,0.11527714,75,60,0.8,18,6,0,52,3,11,2,0,0,1,1,0,0,57.52837209302323,67.32139534883717,Croatia,Italy,Group Stage,Croatia,0,0.0,0.0,0.11527714,0.059134663937734144,0.1111111111111111,0.0,0.0,0.3157894736842105,0.18181818181818182,0.13043478260869565,0.2972972972972973,0.0,0.0,0.0,0.5107398568019093,9.18642810284353,low
UEFA Euro,2024,3930178,2024-06-24,7036,Gianluigi Donnarumma,914,Italy,Goalkeeper,56,0,0,0.0,20,14,0.7,13,2,0,12,0,0,0,0,0,0,0,0,0,10.238181818181818,40.261818181818185,Croatia,Italy,Group Stage,Croatia,0,0.0,0.0,0.0,0.0,0.0,0.0,0.0,0.22807017543859648,0.06060606060606061,0.0,0.0,0.0,0.0,0.0,0.13126491646778043,2.583732057416268,low
UEFA Euro,2024,3930178,2024-06-24,4587,Matteo Darmian,914,Italy,Right Center Back,155,1,0,0.055198677,50,46,0.92,9,3,0,42,1,9,0,0,0,2,1,0,0,57.34935064935067,43.49935064935065,Croatia,Italy,Group Stage,Croatia,0,0.0,0.0,0.055198677,0.02831571996149918,0.1111111111111111,0.0,0.0,0.15789473684210525,0.09090909090909091,0.043478260869565216,0.24324324324324326,0.0,0.0,0.0,0.36754176610978523,5.416539236287836,low
UEFA Euro,2024,3930178,2024-06-24,41768,Riccardo Calafiori,914,Italy,Left Center Back,208,0,0,0.0,66,61,0.9242424242424242,17,4,2,57,4,12,0,0,0,3,2,0,0,53.04278846153846,22.75096153846152,Croatia,Italy,Group Stage,Croatia,0,0.0,0.0,0.0,0.0,0.0,0.0,0.2857142857142857,0.2982456140350877,0.12121212121212122,0.17391304347826086,0.32432432432432434,0.0,0.0,0.0,0.49403341288782815,9.458585573002049,low
UEFA Euro,2024,3930178,2024-06-24,8654,Ante Budimir,785,Croatia,Center Forward,67,1,0,0.14855804,4,3,0.75,1,0,0,5,0,22,3,0,0,2,3,0,0,78.81492537313436,32.66268656716418,Croatia,Italy,Group Stage,Italy,1,0.0,0.0,0.14855804,0.07620704131494299,0.1111111111111111,0.0,0.0,0.017543859649122806,0.0,0.0,0.5945945945945946,0.0,0.0,0.0,0.1575178997613365,6.164698713448887,low
UEFA Euro,2024,3930178,2024-06-24,30926,Davide Frattesi,914,Italy,Right Center Midfield,80,1,0,0.05347716,14,7,0.5,1,1,0,18,0,6,2,0,0,0,1,1,1,69.86624999999998,55.45625,Croatia,Italy,Group Stage,Croatia,0,0.0,1.0,0.05347716,0.027432619207454653,0.1111111111111111,0.0,0.0,0.017543859649122806,0.030303030303030304,0.0,0.16216216216216217,0.0,0.0,1.0,0.18854415274463007,6.934691150114668,low
UEFA Euro,2024,3930178,2024-06-24,7156,Federico Chiesa,914,Italy,Right Wing Back,96,0,0,0.0,28,17,0.6071428571428571,5,1,0,27,4,3,2,1,0,0,0,1,0,82.00208333333332,56.36145833333336,Croatia,Italy,Group Stage,Croatia,0,0.5,0.0,0.0,0.0,0.0,0.0,0.0,0.08771929824561403,0.030303030303030304,0.17391304347826086,0.08108108108108109,0.0,0.5,0.0,0.22673031026252982,4.825417887202784,low
UEFA Euro,2024,3930178,2024-06-24,28368,Luka Ivanušec,785,Croatia,Left Center Midfield,36,0,0,0.0,11,8,0.7272727272727273,3,1,0,7,0,2,0,0,0,1,0,1,0,80.29142857142857,23.911428571428573,Croatia,Italy,Group Stage,Italy,1,0.0,0.0,0.0,0.0,0.0,0.0,0.0,0.05263157894736842,0.030303030303030304,0.0,0.05405405405405406,0.0,0.0,0.0,0.08353221957040573,0.948101211259106,low
UEFA Euro,2024,3930178,2024-06-24,5474,Ivan Perišić,785,Croatia,Left Wing,23,0,0,0.0,6,2,0.3333333333333333,3,4,0,3,0,7,0,0,0,1,1,0,0,75.8913043478261,11.030434782608694,Croatia,Italy,Group Stage,Italy,1,0.0,0.0,0.0,0.0,0.0,0.0,0.0,0.05263157894736842,0.12121212121212122,0.0,0.1891891891891892,0.0,0.0,0.0,0.05250596658711217,2.078322341480236,low
UEFA Euro,2024,3930178,2024-06-24,10992,Gianluca Scamacca,914,Italy,Left Center Forward,38,1,0,0.013674787,9,6,0.6666666666666666,2,0,0,10,0,1,0,0,0,0,0,0,0,72.7578947368421,32.705263157894734,Croatia,Italy,Group Stage,Croatia,0,0.0,0.0,0.013674787,0.007014868114051891,0.1111111111111111,0.0,0.0,0.03508771929824561,0.0,0.0,0.02702702702702703,0.0,0.0,0.0,0.0883054892601432,1.7724951420799997,low
UEFA Euro,2024,3930178,2024-06-24,28914,Lovro Majer,785,Croatia,Right Center Midfield,41,0,0,0.0,9,9,1.0,2,0,0,10,2,5,0,0,0,0,1,1,0,85.4780487804878,25.7780487804878,Croatia,Italy,Group Stage,Italy,1,0.0,0.0,0.0,0.0,0.0,0.0,0.0,0.03508771929824561,0.0,0.08695652173913043,0.13513513513513514,0.0,0.0,0.0,0.0954653937947494,1.7222050425711752,low
UEFA Euro,2024,3930178,2024-06-24,38909,Nicolò Fagioli,914,Italy,Center Defensive Midfield,42,0,0,0.0,12,11,0.9166666666666666,3,2,0,12,0,4,0,0,0,0,0,0,0,55.3047619047619,50.35714285714285,Croatia,Italy,Group Stage,Croatia,0,0.0,0.0,0.0,0.0,0.0,0.0,0.0,0.05263157894736842,0.06060606060606061,0.0,0.10810810810810811,0.0,0.0,0.0,0.09785202863961814,1.3698866330445278,low
UEFA Euro,2024,3930178,2024-06-24,8792,Mattia Zaccagni,914,Italy,Left Wing Back,19,1,1,0.11067648,3,2,0.6666666666666666,0,0,0,4,0,2,0,0,1,0,0,1,1,60.98947368421054,11.178947368421051,Croatia,Italy,Group Stage,Croatia,0,0.0,1.0,0.11067648,0.056774625486122866,0.1111111111111111,0.5,0.0,0.0,0.0,0.0,0.05405405405405406,0.125,0.0,1.0,0.04295942720763723,14.800747018534453,low
UEFA Euro,2024,3930178,2024-06-24,29163,Josip Juranović,785,Croatia,Right Center Midfield,17,0,0,0.0,5,3,0.6,1,0,0,3,3,1,0,0,0,0,0,0,0,73.00588235294117,50.36470588235293,Croatia,Italy,Group Stage,Italy,1,0.0,0.0,0.0,0.0,0.0,0.0,0.0,0.017543859649122806,0.0,0.13043478260869565,0.02702702702702703,0.0,0.0,0.0,0.03818615751789976,1.3540519924959282,low
UEFA Euro,2024,3930160,2024-06-15,5463,Luka Modrić,785,Croatia,Right Center Midfield,139,0,0,0.0,41,36,0.8780487804878049,18,6,0,30,1,21,0,0,0,0,2,0,0,61.365693430656925,52.959124087591235,Spain,Croatia,Group Stage,Spain,0,0.0,0.0,0.0,0.0,0.0,0.0,0.0,0.3157894736842105,0.18181818181818182,0.043478260869565216,0.5675675675675675,0.0,0.0,0.0,0.32935560859188545,7.252649570727374,low
UEFA Euro,2024,3930160,2024-06-15,37148,Josip Šutalo,785,Croatia,Right Center Back,226,0,0,0.0,70,66,0.9428571428571428,14,1,0,63,3,7,2,1,2,1,4,2,2,36.522123893805336,55.73141592920352,Spain,Croatia,Group Stage,Spain,0,0.5,1.0,0.0,0.0,0.0,0.0,0.0,0.24561403508771928,0.030303030303030304,0.13043478260869565,0.1891891891891892,0.25,0.5,1.0,0.5369928400954654,11.597079709207856,low
UEFA Euro,2024,3930160,2024-06-15,8654,Ante Budimir,785,Croatia,Center Forward,66,2,0,0.25490514200000003,4,1,0.25,3,2,0,2,0,22,6,0,1,0,3,0,0,75.331746031746,41.52063492063492,Spain,Croatia,Group Stage,Spain,0,0.0,0.0,0.12745257100000001,0.1307607901112953,0.2222222222222222,0.0,0.0,0.05263157894736842,0.06060606060606061,0.0,0.5945945945945946,0.125,0.0,0.0,0.15513126491646778,9.793561040481565,low
UEFA Euro,2024,3930160,2024-06-15,5721,Daniel Carvajal Ramos,772,Spain,Right Back,169,1,1,0.30100337,56,50,0.8928571428571429,10,4,0,41,1,9,4,0,1,2,4,0,0,52.745238095238044,66.55059523809524,Spain,Croatia,Group Stage,Croatia,1,0.0,0.0,0.30100337,0.15440817779722368,0.1111111111111111,0.5,0.0,0.17543859649122806,0.12121212121212122,0.043478260869565216,0.24324324324324326,0.125,0.0,0.0,0.4009546539379475,16.895804430187326,low
UEFA Euro,2024,3930160,2024-06-15,3477,Álvaro Borja Morata Martín,772,Spain,Center Forward,89,3,1,0.68937702,12,6,0.5,1,2,0,9,2,29,2,1,0,1,1,0,0,83.21590909090908,34.9284090909091,Spain,Croatia,Group Stage,Croatia,1,0.5,0.0,0.22979234,0.3536354077148048,0.3333333333333333,0.5,0.0,0.017543859649122806,0.06060606060606061,0.08695652173913043,0.7837837837837838,0.0,0.5,0.0,0.2100238663484487,26.76725851855695,medium
UEFA Euro,2024,3930160,2024-06-15,8773,Marin Pongracic,785,Croatia,Left Center Back,194,0,0,0.0,61,53,0.8688524590163934,20,1,0,47,4,14,6,1,1,3,3,0,0,34.06494845360824,30.20360824742269,Spain,Croatia,Group Stage,Spain,0,0.16666666666666666,0.0,0.0,0.0,0.0,0.0,0.0,0.3508771929824561,0.030303030303030304,0.17391304347826086,0.3783783783783784,0.125,0.16666666666666666,0.0,0.4606205250596659,8.110149987724359,low
UEFA Euro,2024,3930160,2024-06-15,30486,Pedro González López,772,Spain,Center Attacking Midfield,106,0,0,0.0,17,17,1.0,3,2,2,18,1,25,1,1,0,0,2,0,0,72.0862745098039,41.624509803921555,Spain,Croatia,Group Stage,Croatia,1,1.0,0.0,0.0,0.0,0.0,0.0,0.2857142857142857,0.05263157894736842,0.06060606060606061,0.043478260869565216,0.6756756756756757,0.0,1.0,0.0,0.25059665871121717,11.412693414981744,low
UEFA Euro,2024,3930160,2024-06-15,22128,Robin Aime Robert Le Normand,772,Spain,Right Center Back,156,1,0,0.108392105,53,43,0.8113207547169812,21,5,0,41,6,5,2,0,1,2,0,0,0,41.87435897435898,51.52243589743588,Spain,Croatia,Group Stage,Croatia,1,0.0,0.0,0.108392105,0.05560279082807392,0.1111111111111111,0.0,0.0,0.3684210526315789,0.15151515151515152,0.2608695652173913,0.13513513513513514,0.125,0.0,0.0,0.36992840095465396,10.205599363119312,low
UEFA Euro,2024,3930160,2024-06-15,68574,Nicholas Williams Arthuer,772,Spain,Left Wing,102,0,0,0.0,17,12,0.7058823529411765,2,0,1,19,2,19,0,0,0,0,1,5,2,79.93366336633667,16.566336633663372,Spain,Croatia,Group Stage,Croatia,1,0.0,0.4,0.0,0.0,0.0,0.0,0.14285714285714285,0.03508771929824561,0.0,0.08695652173913043,0.5135135135135135,0.0,0.0,0.4,0.24105011933174225,6.642668363034495,low
UEFA Euro,2024,3930160,2024-06-15,49337,Josip Stanišić,785,Croatia,Right Back,192,1,0,0.22294979,60,49,0.8166666666666667,18,4,1,42,2,17,9,3,1,2,4,1,1,58.59531250000001,71.80312500000002,Spain,Croatia,Group Stage,Spain,0,0.3333333333333333,1.0,0.22294979,0.11436839000896797,0.1111111111111111,0.0,0.14285714285714285,0.3157894736842105,0.12121212121212122,0.08695652173913043,0.4594594594594595,0.125,0.3333333333333333,1.0,0.45584725536992843,17.989130437353126,low
UEFA Euro,2024,3930160,2024-06-15,5202,José Ignacio Fernández Iglesias,772,Spain,Left Center Back,163,0,0,0.0,57,54,0.9473684210526315,17,5,1,44,9,3,2,1,1,4,0,1,1,44.77423312883437,25.353374233128832,Spain,Croatia,Group Stage,Croatia,1,0.5,1.0,0.0,0.0,0.0,0.0,0.14285714285714285,0.2982456140350877,0.15151515151515152,0.391304347826087,0.08108108108108109,0.125,0.5,1.0,0.38663484486873506,15.204443514512164,low
UEFA Euro,2024,3930160,2024-06-15,11748,Unai Simón Mendibil,772,Spain,Goalkeeper,122,0,0,0.0,44,29,0.6590909090909091,27,5,0,26,0,0,0,0,0,0,0,0,0,11.75454545454546,39.375206611570235,Spain,Croatia,Group Stage,Croatia,1,0.0,0.0,0.0,0.0,0.0,0.0,0.0,0.47368421052631576,0.15151515151515152,0.0,0.0,0.0,0.0,0.0,0.28878281622911695,5.494417862838915,low
UEFA Euro,2024,3930160,2024-06-15,6655,Fabián Ruiz Peña,772,Spain,Left Defensive Midfield,195,1,1,0.056130085,54,48,0.8888888888888888,14,7,0,48,4,22,1,1,0,0,1,2,1,58.94,37.49128205128205,Spain,Croatia,Group Stage,Croatia,1,1.0,0.5,0.056130085,0.028793511994411488,0.1111111111111111,0.5,0.0,0.24561403508771928,0.21212121212121213,0.17391304347826086,0.5945945945945946,0.0,1.0,0.5,0.4630071599045346,23.211972643253713,low
UEFA Euro,2024,3930160,2024-06-15,17620,Marc Cucurella Saseta,772,Spain,Left Back,165,0,0,0.0,55,42,0.7636363636363637,23,8,0,36,4,18,4,0,0,0,2,0,0,56.274545454545425,9.885454545454536,Spain,Croatia,Group Stage,Croatia,1,0.0,0.0,0.0,0.0,0.0,0.0,0.0,0.40350877192982454,0.24242424242424243,0.17391304347826086,0.4864864864864865,0.0,0.0,0.0,0.3914081145584726,9.070945711677977,low
UEFA Euro,2024,3930160,2024-06-15,5456,Mateo Kovačić,785,Croatia,Left Center Midfield,150,3,0,0.182729643,38,35,0.9210526315789473,6,6,1,40,9,14,0,0,0,0,1,1,1,57.57583892617454,35.088590604026855,Spain,Croatia,Group Stage,Spain,0,0.0,1.0,0.060909881,0.09373632994596444,0.3333333333333333,0.0,0.14285714285714285,0.10526315789473684,0.18181818181818182,0.391304347826087,0.3783783783783784,0.0,0.0,1.0,0.3556085918854415,18.089362173092738,low
UEFA Euro,2024,3930160,2024-06-15,6765,Rodrigo Hernández Cascante,772,Spain,Right Defensive Midfield,190,0,0,0.0,63,57,0.9047619047619048,13,7,0,42,2,18,1,0,0,0,2,0,0,56.655080213903744,40.95454545454548,Spain,Croatia,Group Stage,Croatia,1,0.0,0.0,0.0,0.0,0.0,0.0,0.0,0.22807017543859648,0.21212121212121213,0.08695652173913043,0.4864864864864865,0.0,0.0,0.0,0.4510739856801909,6.469392421337502,low
UEFA Euro,2024,3930160,2024-06-15,316046,Lamine Yamal Nasraoui Ebana,772,Spain,Right Wing,122,3,0,0.37209778299999996,21,17,0.8095238095238095,1,0,2,24,6,26,2,1,0,0,2,3,2,73.53140495867765,66.92148760330582,Spain,Croatia,Group Stage,Croatia,1,0.5,0.6666666666666666,0.12403259433333332,0.190878064373222,0.3333333333333333,0.0,0.2857142857142857,0.017543859649122806,0.0,0.2608695652173913,0.7027027027027027,0.0,0.5,0.6666666666666666,0.28878281622911695,21.40500309821728,low
UEFA Euro,2024,3930160,2024-06-15,5460,Andrej Kramarić,785,Croatia,Left Wing,122,2,0,0.723570806,27,21,0.7777777777777778,6,2,2,24,3,22,1,0,0,0,4,0,0,76.06033057851243,35.85206611570249,Spain,Croatia,Group Stage,Spain,0,0.0,0.0,0.361785403,0.37117607574203726,0.2222222222222222,0.0,0.2857142857142857,0.10526315789473684,0.06060606060606061,0.13043478260869565,0.5945945945945946,0.0,0.0,0.0,0.28878281622911695,19.73088008873622,low
UEFA Euro,2024,3930160,2024-06-15,5469,Marcelo Brozović,785,Croatia,Center Defensive Midfield,221,1,0,0.07775181,65,61,0.9384615384615385,14,6,1,53,0,29,3,1,1,0,2,0,0,51.9339366515837,50.10090497737563,Spain,Croatia,Group Stage,Spain,0,0.3333333333333333,0.0,0.07775181,0.03988498634595339,0.1111111111111111,0.0,0.14285714285714285,0.24561403508771928,0.18181818181818182,0.0,0.7837837837837838,0.125,0.3333333333333333,0.0,0.5250596658711217,12.654290710551729,low
UEFA Euro,2024,3930160,2024-06-15,28914,Lovro Majer,785,Croatia,Right Wing,217,1,0,0.10645112,59,54,0.9152542372881356,8,2,2,51,5,29,4,1,1,0,4,0,0,64.00645161290322,52.94193548387096,Spain,Croatia,Group Stage,Spain,0,0.25,0.0,0.10645112,0.05460710776651303,0.1111111111111111,0.0,0.2857142857142857,0.14035087719298245,0.06060606060606061,0.21739130434782608,0.7837837837837838,0.125,0.25,0.0,0.5155131264916468,14.19802009107845,low
UEFA Euro,2024,3930160,2024-06-15,16531,Dominik Livaković,785,Croatia,Goalkeeper,101,0,0,0.0,38,27,0.7105263157894737,20,0,0,22,1,0,0,0,0,0,0,0,0,7.7099009900990065,41.40891089108912,Spain,Croatia,Group Stage,Spain,0,0.0,0.0,0.0,0.0,0.0,0.0,0.0,0.3508771929824561,0.0,0.043478260869565216,0.0,0.0,0.0,0.0,0.2386634844868735,3.856598016781083,low
UEFA Euro,2024,3930160,2024-06-15,33018,Joško Gvardiol,785,Croatia,Left Back,137,2,0,0.068897524,39,36,0.9230769230769231,9,3,0,31,2,11,3,1,2,0,2,1,1,62.61824817518249,12.522627737226273,Spain,Croatia,Group Stage,Spain,0,0.3333333333333333,1.0,0.034448762,0.035342930331911195,0.2222222222222222,0.0,0.0,0.15789473684210525,0.09090909090909091,0.08695652173913043,0.2972972972972973,0.25,0.3333333333333333,1.0,0.324582338902148,13.654760297219374,low
UEFA Euro,2024,3930160,2024-06-15,5474,Ivan Perišić,785,Croatia,Left Wing,70,3,0,0.061343045000000006,13,6,0.46153846153846156,3,0,0,14,4,11,2,0,2,1,1,1,1,86.60571428571431,14.195714285714292,Spain,Croatia,Group Stage,Spain,0,0.0,1.0,0.02044768166666667,0.03146764701997554,0.3333333333333333,0.0,0.0,0.05263157894736842,0.0,0.17391304347826086,0.2972972972972973,0.25,0.0,1.0,0.16467780429594273,12.52413113261898,low
UEFA Euro,2024,3930160,2024-06-15,16532,Daniel Olmo Carvajal,772,Spain,Center Attacking Midfield,75,1,0,0.027441183,14,12,0.8571428571428571,3,1,0,17,2,11,1,0,0,0,1,3,2,70.552,16.517333333333333,Spain,Croatia,Group Stage,Croatia,1,0.0,0.6666666666666666,0.027441183,0.014076729651332982,0.1111111111111111,0.0,0.0,0.05263157894736842,0.030303030303030304,0.08695652173913043,0.2972972972972973,0.0,0.0,0.6666666666666666,0.1766109785202864,6.989665620449468,low
UEFA Euro,2024,3930160,2024-06-15,11603,Mario Pašalić,785,Croatia,Right Wing,47,0,0,0.0,12,11,0.9166666666666666,1,0,0,11,2,8,1,0,0,0,0,0,0,61.08510638297872,51.2127659574468,Spain,Croatia,Group Stage,Spain,0,0.0,0.0,0.0,0.0,0.0,0.0,0.0,0.017543859649122806,0.0,0.08695652173913043,0.21621621621621623,0.0,0.0,0.0,0.10978520286396182,1.9521718514853528,low
UEFA Euro,2024,3930160,2024-06-15,3042,Mikel Merino Zazón,772,Spain,Center Attacking Midfield,42,0,0,0.0,10,7,0.7,1,1,0,5,0,6,2,0,0,0,0,0,0,71.03571428571425,22.888095238095236,Spain,Croatia,Group Stage,Croatia,1,0.0,0.0,0.0,0.0,0.0,0.0,0.0,0.017543859649122806,0.030303030303030304,0.0,0.16216216216216217,0.0,0.0,0.0,0.09785202863961814,1.1377645588171905,low
UEFA Euro,2024,3930160,2024-06-15,39490,Luka Sučić,785,Croatia,Right Center Midfield,78,0,0,0.0,23,21,0.9130434782608695,5,4,1,21,5,10,1,0,0,0,0,0,0,60.710256410256406,42.04487179487179,Spain,Croatia,Group Stage,Spain,0,0.0,0.0,0.0,0.0,0.0,0.0,0.14285714285714285,0.08771929824561403,0.12121212121212122,0.21739130434782608,0.2702702702702703,0.0,0.0,0.0,0.18377088305489261,6.002306803222135,low
UEFA Euro,2024,3930160,2024-06-15,6685,Mikel Oyarzabal Ugarte,772,Spain,Center Forward,37,0,0,0.0,5,5,1.0,1,1,1,6,0,11,1,0,0,0,0,0,0,70.24864864864867,38.66486486486485,Spain,Croatia,Group Stage,Croatia,1,0.0,0.0,0.0,0.0,0.0,0.0,0.14285714285714285,0.017543859649122806,0.030303030303030304,0.0,0.2972972972972973,0.0,0.0,0.0,0.08591885441527446,3.242011663064295,low
UEFA Euro,2024,3930160,2024-06-15,7693,Bruno Petković,785,Croatia,Center Forward,39,1,0,0.7835,7,5,0.7142857142857143,3,2,1,7,1,7,0,0,0,0,0,1,0,79.54358974358973,36.28974358974358,Spain,Croatia,Group Stage,Spain,0,0.0,0.0,0.7835,0.4019184479699505,0.1111111111111111,0.0,0.14285714285714285,0.05263157894736842,0.06060606060606061,0.043478260869565216,0.1891891891891892,0.0,0.0,0.0,0.09069212410501193,14.710761864337757,low
UEFA Euro,2024,3930160,2024-06-15,24921,Martín Zubimendi Ibáñez,772,Spain,Left Defensive Midfield,31,0,0,0.0,9,9,1.0,3,1,0,7,0,4,2,1,0,0,1,0,0,54.79354838709677,31.07096774193549,Spain,Croatia,Group Stage,Croatia,1,0.5,0.0,0.0,0.0,0.0,0.0,0.0,0.05263157894736842,0.030303030303030304,0.0,0.10810810810810811,0.0,0.5,0.0,0.07159904534606205,3.2183714815293762,low
UEFA Euro,2024,3930160,2024-06-15,6748,Ferrán Torres García,772,Spain,Right Wing,11,1,0,0.012741043,3,2,0.6666666666666666,0,0,0,2,1,2,0,0,0,0,0,0,0,80.94545454545455,62.127272727272725,Spain,Croatia,Group Stage,Croatia,1,0.0,0.0,0.012741043,0.0065358777639800926,0.1111111111111111,0.0,0.0,0.0,0.0,0.043478260869565216,0.05405405405405406,0.0,0.0,0.0,0.02386634844868735,1.8926044124374055,low
UEFA Euro,2024,3930170,2024-06-20,31866,Andraž Šporar,944,Slovenia,Right Center Forward,102,2,0,0.52965859,16,11,0.6875,1,0,2,17,1,10,5,0,0,2,1,0,0,76.94215686274511,44.43333333333332,Slovenia,Serbia,Group Stage,Serbia,1,0.0,0.0,0.264829295,0.27170332922367885,0.2222222222222222,0.0,0.2857142857142857,0.017543859649122806,0.0,0.043478260869565216,0.2702702702702703,0.0,0.0,0.0,0.24105011933174225,13.746564344756152,low
UEFA Euro,2024,3930170,2024-06-20,205932,Vanja Drkušić,944,Slovenia,Right Center Back,102,0,0,0.0,28,23,0.8214285714285714,10,4,1,24,4,11,3,0,1,4,0,0,0,41.273529411764706,54.4029411764706,Slovenia,Serbia,Group Stage,Serbia,1,0.0,0.0,0.0,0.0,0.0,0.0,0.14285714285714285,0.17543859649122806,0.12121212121212122,0.17391304347826086,0.2972972972972973,0.125,0.0,0.0,0.24105011933174225,7.166808833856888,low
UEFA Euro,2024,3930170,2024-06-20,38759,Benjamin Šeško,944,Slovenia,Left Center Forward,102,2,0,0.260242838,19,12,0.631578947368421,3,3,1,17,3,12,4,2,0,0,1,1,0,77.47722772277228,35.33069306930693,Slovenia,Serbia,Group Stage,Serbia,1,0.5,0.0,0.130121419,0.13349891199011518,0.2222222222222222,0.0,0.14285714285714285,0.05263157894736842,0.09090909090909091,0.13043478260869565,0.32432432432432434,0.0,0.5,0.0,0.24105011933174225,12.634227577056855,low
UEFA Euro,2024,3930170,2024-06-20,6321,Milos Veljkovic,786,Serbia,Right Center Back,263,0,0,0.0,91,84,0.9230769230769231,45,17,0,76,13,5,4,0,0,2,1,0,0,49.250950570342205,64.13422053231943,Slovenia,Serbia,Group Stage,Slovenia,0,0.0,0.0,0.0,0.0,0.0,0.0,0.0,0.7894736842105263,0.5151515151515151,0.5652173913043478,0.13513513513513514,0.0,0.0,0.0,0.6252983293556086,15.667909223973298,low
UEFA Euro,2024,3930170,2024-06-20,4269,Aleksandar Mitrović,786,Serbia,Center Forward,120,6,0,0.899231382,20,17,0.85,3,3,0,21,2,4,5,0,0,0,2,2,1,78.81666666666673,35.22083333333333,Slovenia,Serbia,Group Stage,Slovenia,0,0.0,0.5,0.149871897,0.46128612816759884,0.6666666666666666,0.0,0.0,0.05263157894736842,0.09090909090909091,0.08695652173913043,0.10810810810810811,0.0,0.0,0.5,0.2840095465393795,22.41587382932936,low
UEFA Euro,2024,3930170,2024-06-20,31968,Adam Gnezda Čerin,944,Slovenia,Right Defensive Midfield,205,1,0,0.041358393,48,39,0.8125,9,3,0,45,6,30,5,2,1,3,2,1,0,61.087317073170745,47.76682926829267,Slovenia,Serbia,Group Stage,Serbia,1,0.4,0.0,0.041358393,0.021215955488310487,0.1111111111111111,0.0,0.0,0.15789473684210525,0.09090909090909091,0.2608695652173913,0.8108108108108109,0.125,0.4,0.0,0.48687350835322196,11.916013397078565,low
UEFA Euro,2024,3930170,2024-06-20,3831,Dušan Tadić,786,Serbia,Right Attacking Midfield,159,0,0,0.0,44,36,0.8181818181818182,8,1,3,41,1,8,3,0,1,1,0,0,0,80.40886075949368,56.6810126582279,Slovenia,Serbia,Group Stage,Slovenia,0,0.0,0.0,0.0,0.0,0.0,0.0,0.42857142857142855,0.14035087719298245,0.030303030303030304,0.043478260869565216,0.21621621621621623,0.125,0.0,0.0,0.37708830548926014,7.7696453771968645,low
UEFA Euro,2024,3930170,2024-06-20,15896,Timi Elšnik,944,Slovenia,Left Defensive Midfield,169,2,0,0.184613847,46,33,0.717391304347826,22,9,1,46,5,16,4,3,1,1,2,5,2,67.32261904761904,38.375595238095244,Slovenia,Serbia,Group Stage,Serbia,1,0.75,0.4,0.0923069235,0.09470288559030236,0.2222222222222222,0.0,0.14285714285714285,0.38596491228070173,0.2727272727272727,0.21739130434782608,0.43243243243243246,0.125,0.75,0.4,0.4009546539379475,20.242943873939364,low
UEFA Euro,2024,3930170,2024-06-20,30179,Ivan Ilić,786,Serbia,Right Defensive Midfield,232,1,0,0.02786128,72,66,0.9166666666666666,19,9,2,65,6,8,3,2,0,0,3,1,0,61.82640692640692,50.333766233766234,Slovenia,Serbia,Group Stage,Slovenia,0,0.6666666666666666,0.0,0.02786128,0.014292230269376162,0.1111111111111111,0.0,0.2857142857142857,0.3333333333333333,0.2727272727272727,0.2608695652173913,0.21621621621621623,0.0,0.6666666666666666,0.0,0.5513126491646778,14.857233691444947,low
UEFA Euro,2024,3930170,2024-06-20,16528,Petar Stojanović,944,Slovenia,Right Midfield,143,1,0,0.023205703,39,34,0.8717948717948718,9,4,1,41,9,5,3,1,1,1,1,5,1,66.49084507042251,62.00211267605632,Slovenia,Serbia,Group Stage,Serbia,1,0.3333333333333333,0.2,0.023205703,0.011904020591973995,0.1111111111111111,0.0,0.14285714285714285,0.15789473684210525,0.12121212121212122,0.391304347826087,0.13513513513513514,0.125,0.3333333333333333,0.2,0.33890214797136037,11.461734820581254,low
UEFA Euro,2024,3930170,2024-06-20,7993,Filip Mladenović,786,Serbia,Left Wing Back,96,0,0,0.0,30,19,0.6333333333333333,8,1,0,21,1,12,0,0,1,0,0,0,0,64.82315789473685,6.826315789473686,Slovenia,Serbia,Group Stage,Slovenia,0,0.0,0.0,0.0,0.0,0.0,0.0,0.0,0.14035087719298245,0.030303030303030304,0.043478260869565216,0.32432432432432434,0.125,0.0,0.0,0.22673031026252982,4.024471632023119,low
UEFA Euro,2024,3930170,2024-06-20,27719,Strahinja Pavlović,786,Serbia,Left Center Back,218,0,0,0.0,65,53,0.8153846153846154,26,10,1,57,8,12,6,2,1,4,4,0,0,48.23302752293581,20.281192660550463,Slovenia,Serbia,Group Stage,Slovenia,0,0.3333333333333333,0.0,0.0,0.0,0.0,0.0,0.14285714285714285,0.45614035087719296,0.30303030303030304,0.34782608695652173,0.32432432432432434,0.125,0.3333333333333333,0.0,0.5178997613365155,13.742690103102003,low
UEFA Euro,2024,3930170,2024-06-20,6687,Saša Lukić,786,Serbia,Left Defensive Midfield,151,1,0,0.08807026,44,43,0.9772727272727273,6,2,0,37,3,15,3,2,1,2,0,1,0,61.18466666666661,35.26800000000001,Slovenia,Serbia,Group Stage,Slovenia,0,0.6666666666666666,0.0,0.08807026,0.045178126626049794,0.1111111111111111,0.0,0.0,0.10526315789473684,0.06060606060606061,0.13043478260869565,0.40540540540540543,0.125,0.6666666666666666,0.0,0.35799522673031026,9.833398113303286,low
UEFA Euro,2024,3930170,2024-06-20,5603,Nikola Milenković,786,Serbia,Center Back,216,0,0,0.0,74,67,0.9054054054054054,22,5,0,61,3,5,4,0,0,3,2,0,0,40.489351851851886,40.7574074074074,Slovenia,Serbia,Group Stage,Slovenia,0,0.0,0.0,0.0,0.0,0.0,0.0,0.0,0.38596491228070173,0.15151515151515152,0.13043478260869565,0.13513513513513514,0.0,0.0,0.0,0.513126491646778,6.336378816928016,low
UEFA Euro,2024,3930170,2024-06-20,6318,Andrija Živković,786,Serbia,Right Wing Back,185,0,0,0.0,59,53,0.8983050847457628,19,6,3,50,6,8,2,0,0,0,4,3,1,72.1005434782609,68.59130434782608,Slovenia,Serbia,Group Stage,Slovenia,0,0.0,0.3333333333333333,0.0,0.0,0.0,0.0,0.42857142857142855,0.3333333333333333,0.18181818181818182,0.2608695652173913,0.21621621621621623,0.0,0.0,0.3333333333333333,0.43914081145584727,13.029509464292072,low
