feature,importance
xg,17.442783436975706
goals,14.335501290028134
total_events,8.931344704434002
shots,7.998874947328302
key_passes,6.519655376144274
dribble_success_rate,5.445539045703249
duel_success_rate,5.3735897911030195
progressive_carries,5.104532928562893
carries,4.967165789167478
progressive_passes,4.239146781097998
duels_won,2.9647385023478265
successful_dribbles,2.9631617038068265
pressures,2.7371327305628723
xg_per_shot,2.4549792664005174
passes,2.295063937398653
passes_into_final_third,2.157839752138065
completed_passes,1.2336590949616373
interceptions,0.881971803740801
dribbles,0.7145699367902848
pass_accuracy,0.21619752297719114
duels,0.20047516290542275
avg_x,0.16231699168926306
clearances,0.15857146521580365
blocks,0.14881248747139528
team_name,0.13050943743376817
competition_stage,0.11375242312014525
avg_y,0.10105484703303075
is_home_team,0.0045334331299575455
position_name,0.0014976422369252884
home_team,0.0006592100594708587
away_team,0.0003685580350748392
opponent_team,0.0
